Well,Well Position,Omit,Sample Name,Target Name,Task,Reporter,Quencher,CT,Ct Mean,PRFDROP,Ct SD,Quantity,Quantity Mean,Quantity SD,Automatic Ct Threshold,Ct Threshold,Automatic Baseline,Baseline Start,Baseline End,Comments,Y-Intercept,R(superscript 2),Slope,Efficiency,AMPNC,Amp Score,BADROX,Cq Conf,NOAMP,EXPFAIL,THOLDFAIL
1,A1,FALSE,PCP 10^6,aaiC,STANDARD,FAM,NFQ-MGB,14.069,14.069,,,"1,000,000.000",,,FALSE,0.400,FALSE,3,9,,36.665,0.994,-3.633,88.475,,,,,,,
2,A2,FALSE,PCP 10^6,aatA,STANDARD,FAM,NFQ-MGB,12.369,12.369,,,"1,000,000.000",,,TRUE,0.188,FALSE,3,8,,34.856,0.990,-3.588,89.973,,,,,,,
3,A3,FALSE,PCP 10^6,aggR,STANDARD,FAM,NFQ-MGB,13.968,13.968,,,"1,000,000.000",,,FALSE,0.400,TRUE,3,8,,36.504,0.997,-3.640,88.243,,,,,,,
4,A4,FALSE,PCP 10^6,afaB,STANDARD,VIC,NFQ-MGB,15.974,15.974,,,"1,000,000.000",,,FALSE,0.400,TRUE,3,10,,39.419,0.997,-3.830,82.430,,,,,,,
5,A5,FALSE,PCP 10^6,stx1,STANDARD,FAM,NFQ-MGB,15.324,15.324,,,"1,000,000.000",,,FALSE,0.400,TRUE,3,10,,37.573,0.993,-3.577,90.358,,,,,,,
6,A6,FALSE,PCP 10^6,stx2,STANDARD,FAM,NFQ-MGB,14.741,14.741,,,"1,000,000.000",,,FALSE,0.400,TRUE,3,9,,36.960,0.995,-3.555,91.118,,,,,,,
7,A7,FALSE,PCP 10^6,eae,STANDARD,FAM,NFQ-MGB,13.350,13.350,,,"1,000,000.000",,,FALSE,0.400,TRUE,3,7,,36.469,0.994,-3.725,85.542,,,,,,,
8,A8,FALSE,PCP 10^6,bfpA,STANDARD,FAM,NFQ-MGB,13.323,13.323,,,"1,000,000.000",,,FALSE,0.400,TRUE,3,9,,34.517,0.988,-3.350,98.825,,,,,,,
9,A9,FALSE,PCP 10^6,LT,STANDARD,FAM,NFQ-MGB,13.256,13.256,,,"1,000,000.000",,,FALSE,0.500,TRUE,3,7,,36.054,0.994,-3.673,87.166,,,,,,,
10,A10,FALSE,PCP 10^6,STh,STANDARD,FAM,NFQ-MGB,13.980,13.980,,,"1,000,000.000",,,FALSE,0.400,TRUE,3,8,,36.284,0.994,-3.569,90.612,,,,,,,
11,A11,FALSE,PCP 10^6,Manufacturing control,UNKNOWN,FAM,NFQ-MGB,Undetermined,,,,,,,TRUE,0.221,TRUE,3,39,,,,,,,,,,,,
12,A12,FALSE,PCP 10^6,STp,STANDARD,FAM,NFQ-MGB,14.465,14.465,,,"1,000,000.000",,,FALSE,0.400,TRUE,3,7,,36.380,0.993,-3.524,92.214,,,,,,,
13,A13,FALSE,PCP 10^6,ipaH,STANDARD,VIC,NFQ-MGB,12.985,12.985,,,"1,000,000.000",,,TRUE,0.365,TRUE,3,6,,34.523,0.986,-3.375,97.816,,,,,,,
13,A13,FALSE,PCP 10^6,uidA,STANDARD,FAM,NFQ-MGB,13.792,13.792,,,"1,000,000.000",,,FALSE,0.400,TRUE,3,9,,35.751,0.991,-3.505,92.874,,,,,,,
14,A14,FALSE,PCP 10^6,virF,STANDARD,FAM,NFQ-MGB,15.040,15.040,,,"1,000,000.000",,,FALSE,0.400,TRUE,3,9,,38.455,0.996,-3.805,83.141,,,,,,,
15,A15,FALSE,PCP 10^6,cadF,STANDARD,VIC,NFQ-MGB,13.051,13.051,,,"1,000,000.000",,,TRUE,0.253,TRUE,3,8,,36.143,0.994,-3.730,85.400,,,,,,,
15,A15,FALSE,PCP 10^6,ttr,STANDARD,FAM,NFQ-MGB,13.372,13.372,,,"1,000,000.000",,,FALSE,0.400,TRUE,3,8,,35.996,0.994,-3.637,88.337,,,,,,,
16,A16,FALSE,PCP 10^6,hipO,STANDARD,FAM,NFQ-MGB,15.693,15.693,,,"1,000,000.000",,,FALSE,0.400,TRUE,3,9,,38.876,0.974,-3.715,85.857,,,,,,,
17,A17,FALSE,PCP 10^6,GlyA,STANDARD,FAM,NFQ-MGB,13.552,13.552,,,"1,000,000.000",,,FALSE,0.400,TRUE,3,7,,36.285,0.985,-3.597,89.685,,,,,,,
18,A18,FALSE,PCP 10^6,STY0201,STANDARD,FAM,NFQ-MGB,14.154,14.154,,,"1,000,000.000",,,FALSE,0.400,TRUE,3,8,,36.936,0.994,-3.666,87.390,,,,,,,
18,A18,FALSE,PCP 10^6,tviB,STANDARD,VIC,NFQ-MGB,9.299,9.299,,,"1,000,000.000",,,FALSE,0.026,TRUE,3,8,,31.888,0.971,-3.491,93.412,,,,,,,
19,A19,FALSE,PCP 10^6,HAdV hexon,STANDARD,FAM,NFQ-MGB,13.264,13.264,,,"1,000,000.000",,,FALSE,0.400,TRUE,3,7,,36.499,0.997,-3.793,83.518,,,,,,,
20,A20,FALSE,PCP 10^6,HAdV fiber,STANDARD,FAM,NFQ-MGB,15.368,15.368,,,"1,000,000.000",,,FALSE,0.400,TRUE,3,9,,38.577,0.998,-3.803,83.222,,,,,,,
21,A21,FALSE,PCP 10^6,AstroV capsid,STANDARD,FAM,NFQ-MGB,11.067,11.067,,,"1,000,000.000",,,FALSE,0.318,TRUE,3,5,,34.826,0.999,-3.928,79.717,,,,,,,
22,A22,FALSE,PCP 10^6,EntV 5' UTR,STANDARD,FAM,NFQ-MGB,10.210,10.210,,,"1,000,000.000",,,TRUE,0.339,FALSE,3,5,,33.061,0.997,-3.712,85.941,,,,,,,
23,A23,FALSE,PCP 10^6,Noro GI,STANDARD,FAM,NFQ-MGB,10.942,10.942,,,"1,000,000.000",,,FALSE,0.400,TRUE,3,5,,33.737,0.998,-3.713,85.907,,,,,,,
24,A24,FALSE,PCP 10^6,Noro GII,STANDARD,FAM,NFQ-MGB,11.425,11.425,,,"1,000,000.000",,,FALSE,0.400,TRUE,3,6,,35.114,0.997,-3.852,81.796,,,,,,,
25,B1,FALSE,PCP 10^6,Rotavirus,STANDARD,FAM,NFQ-MGB,13.713,13.713,,,"1,000,000.000",,,FALSE,0.400,TRUE,3,9,,36.216,0.997,-3.652,87.839,,,,,,,
26,B2,FALSE,PCP 10^6,Sapovirus,STANDARD,FAM,NFQ-MGB,17.880,17.880,,,"1,000,000.000",,,FALSE,0.500,TRUE,3,11,,42.250,0.995,-3.998,77.882,,,,,,,
27,B3,FALSE,PCP 10^6,SARS-CoV-2 N1,STANDARD,FAM,NFQ-MGB,12.828,12.828,,,"1,000,000.000",,,FALSE,0.200,TRUE,3,8,,35.170,0.996,-3.612,89.164,,,,,,,
27,B3,FALSE,PCP 10^6,SARS-CoV-2 N2,STANDARD,VIC,NFQ-MGB,12.907,12.907,,,"1,000,000.000",,,FALSE,0.200,TRUE,3,8,,37.257,0.996,-3.997,77.915,,,,,,,
28,B4,FALSE,PCP 10^6,Crypto 18S,STANDARD,FAM,NFQ-MGB,14.718,14.718,,,"1,000,000.000",,,FALSE,0.400,TRUE,3,8,,37.833,0.997,-3.780,83.901,,,,,,,
29,B5,FALSE,PCP 10^6,C. hominus,STANDARD,FAM,NFQ-MGB,13.837,13.837,,,"1,000,000.000",,,FALSE,0.400,TRUE,3,8,,36.446,0.997,-3.676,87.093,,,,,,,
30,B6,FALSE,PCP 10^6,C. parvum,STANDARD,FAM,NFQ-MGB,13.274,13.274,,,"1,000,000.000",,,FALSE,0.400,TRUE,3,8,,34.892,0.995,-3.460,94.548,,,,,,,
31,B7,FALSE,PCP 10^6,Cyclospora,STANDARD,FAM,NFQ-MGB,13.500,13.500,,,"1,000,000.000",,,FALSE,0.400,TRUE,3,7,,34.992,0.988,-3.379,97.664,,,,,,,
32,B8,FALSE,PCP 10^6,Giardia,STANDARD,FAM,NFQ-MGB,13.055,13.055,,,"1,000,000.000",,,FALSE,0.400,TRUE,3,7,,34.760,0.995,-3.471,94.130,,,,,,,
33,B9,FALSE,PCP 10^6,Entamoeba,STANDARD,FAM,NFQ-MGB,16.946,16.946,,,"1,000,000.000",,,FALSE,0.400,TRUE,3,10,,38.995,0.994,-3.575,90.423,,,,,,,
34,B10,FALSE,PCP 10^6,Ascaris,STANDARD,FAM,NFQ-MGB,12.899,12.899,,,"1,000,000.000",,,TRUE,0.223,FALSE,3,8,,35.438,0.995,-3.641,88.210,,,,,,,
35,B11,FALSE,PCP 10^6,Trichuris,STANDARD,FAM,NFQ-MGB,13.401,13.401,,,"1,000,000.000",,,FALSE,0.400,TRUE,3,8,,36.015,0.996,-3.668,87.333,,,,,,,
36,B12,FALSE,PCP 10^6,AMR Intl1,STANDARD,FAM,NFQ-MGB,15.624,15.624,,,"1,000,000.000",,,FALSE,0.400,TRUE,3,11,,38.043,0.998,-3.662,87.532,,,,,,,
37,B13,FALSE,PCP 10^6,AMR qnrA,STANDARD,FAM,NFQ-MGB,15.825,15.825,,,"1,000,000.000",,,FALSE,0.400,TRUE,3,10,,36.754,0.989,-3.320,100.064,,,,,,,
38,B14,FALSE,PCP 10^6,AMR qnrB1,STANDARD,FAM,NFQ-MGB,15.637,15.637,,,"1,000,000.000",,,FALSE,0.400,TRUE,3,10,,37.769,0.995,-3.570,90.599,,,,,,,
38,B14,FALSE,PCP 10^6,AMR qnrB4,STANDARD,VIC,NFQ-MGB,15.370,15.370,,,"1,000,000.000",,,TRUE,0.125,TRUE,3,11,,37.061,0.992,-3.469,94.223,,,,,,,
39,B15,FALSE,PCP 10^6,AMR SHV,STANDARD,FAM,NFQ-MGB,14.640,14.640,,,"1,000,000.000",,,FALSE,0.336,TRUE,3,9,,37.065,0.992,-3.586,90.051,,,,,,,
40,B16,FALSE,PCP 10^6,AMR TEM,STANDARD,FAM,NFQ-MGB,15.431,15.431,,,"1,000,000.000",,,TRUE,0.378,FALSE,3,10,,36.054,0.983,-3.236,103.724,,,,,,,
41,B17,FALSE,PCP 10^6,AMR CTX-M1,STANDARD,FAM,NFQ-MGB,14.992,14.992,,,"1,000,000.000",,,TRUE,0.210,TRUE,3,10,,36.975,0.983,-3.451,94.897,,,,,,,
41,B17,FALSE,PCP 10^6,AMR CTX-M8-M25,STANDARD,VIC,NFQ-MGB,15.026,15.026,,,"1,000,000.000",,,TRUE,0.337,TRUE,3,9,,37.527,0.996,-3.660,87.606,,,,,,,
42,B18,FALSE,PCP 10^6,AMR CTX-M2-M74,STANDARD,FAM,NFQ-MGB,17.774,17.774,,,"1,000,000.000",,,FALSE,0.400,TRUE,3,11,,41.080,0.997,-3.817,82.798,,,,,,,
42,B18,FALSE,PCP 10^6,AMR CTX-M9,STANDARD,VIC,NFQ-MGB,16.260,16.260,,,"1,000,000.000",,,TRUE,0.149,TRUE,3,11,,39.168,0.997,-3.858,81.625,,,,,,,
43,B19,FALSE,PCP 10^6,AMR KPC,STANDARD,FAM,NFQ-MGB,14.566,14.566,,,"1,000,000.000",,,FALSE,0.216,TRUE,3,10,,37.262,0.990,-3.626,88.693,,,,,,,
44,B20,FALSE,PCP 10^6,AMR NDM,STANDARD,FAM,NFQ-MGB,15.103,15.103,,,"1,000,000.000",,,FALSE,0.400,TRUE,3,10,,35.881,0.982,-3.255,102.875,,,,,,,
44,B20,FALSE,PCP 10^6,AMR VIM,STANDARD,VIC,NFQ-MGB,13.552,13.552,,,"1,000,000.000",,,TRUE,0.110,TRUE,3,10,,34.111,0.984,-3.224,104.255,,,,,,,
45,B21,FALSE,PCP 10^6,AMR sul1,STANDARD,FAM,NFQ-MGB,16.155,16.155,,,"1,000,000.000",,,FALSE,0.400,TRUE,3,11,,37.907,0.994,-3.540,91.643,,,,,,,
45,B21,FALSE,PCP 10^6,AMR sul2,STANDARD,VIC,NFQ-MGB,15.197,15.197,,,"1,000,000.000",,,TRUE,0.168,FALSE,3,12,,36.898,0.993,-3.565,90.754,,,,,,,
46,B22,FALSE,PCP 10^6,MS2g1,STANDARD,FAM,NFQ-MGB,11.455,11.455,,,"1,000,000.000",,,FALSE,0.400,TRUE,3,5,,35.013,0.996,-3.785,83.736,,,,,,,
47,B23,FALSE,PCP 10^6,Fecal bacteria 16S,STANDARD,FAM,NFQ-MGB,17.172,17.172,,,"1,000,000.000",,,FALSE,0.600,TRUE,3,10,,38.878,0.989,-3.470,94.171,,,,,,,
48,B24,FALSE,PCP 10^6,PhHV gB,STANDARD,FAM,NFQ-MGB,13.115,13.115,,,"1,000,000.000",,,FALSE,0.400,TRUE,3,7,,36.725,0.996,-3.832,82.361,,,,,,,
49,C1,FALSE,PCP 10^5,aaiC,STANDARD,FAM,NFQ-MGB,19.049,19.049,,,"100,000.000",,,FALSE,0.400,FALSE,3,14,,36.665,0.994,-3.633,88.475,,,,,,,
50,C2,FALSE,PCP 10^5,aatA,STANDARD,FAM,NFQ-MGB,17.864,17.864,,,"100,000.000",,,TRUE,0.188,FALSE,3,13,,34.856,0.990,-3.588,89.973,,,,,,,
51,C3,FALSE,PCP 10^5,aggR,STANDARD,FAM,NFQ-MGB,18.760,18.760,,,"100,000.000",,,FALSE,0.400,TRUE,3,12,,36.504,0.997,-3.640,88.243,,,,,,,
52,C4,FALSE,PCP 10^5,afaB,STANDARD,VIC,NFQ-MGB,20.644,20.644,,,"100,000.000",,,FALSE,0.400,TRUE,3,14,,39.419,0.997,-3.830,82.430,,,,,,,
53,C5,FALSE,PCP 10^5,stx1,STANDARD,FAM,NFQ-MGB,20.031,20.031,,,"100,000.000",,,FALSE,0.400,TRUE,3,14,,37.573,0.993,-3.577,90.358,,,,,,,
54,C6,FALSE,PCP 10^5,stx2,STANDARD,FAM,NFQ-MGB,19.518,19.518,,,"100,000.000",,,FALSE,0.400,TRUE,3,13,,36.960,0.995,-3.555,91.118,,,,,,,
55,C7,FALSE,PCP 10^5,eae,STANDARD,FAM,NFQ-MGB,18.397,18.397,,,"100,000.000",,,FALSE,0.400,TRUE,3,13,,36.469,0.994,-3.725,85.542,,,,,,,
56,C8,FALSE,PCP 10^5,bfpA,STANDARD,FAM,NFQ-MGB,17.987,17.987,,,"100,000.000",,,FALSE,0.400,TRUE,3,12,,34.517,0.988,-3.350,98.825,,,,,,,
57,C9,FALSE,PCP 10^5,LT,STANDARD,FAM,NFQ-MGB,18.145,18.145,,,"100,000.000",,,FALSE,0.500,TRUE,3,11,,36.054,0.994,-3.673,87.166,,,,,,,
58,C10,FALSE,PCP 10^5,STh,STANDARD,FAM,NFQ-MGB,18.744,18.744,,,"100,000.000",,,FALSE,0.400,TRUE,3,13,,36.284,0.994,-3.569,90.612,,,,,,,
59,C11,FALSE,PCP 10^5,Manufacturing control,UNKNOWN,FAM,NFQ-MGB,Undetermined,,,,,,,TRUE,0.221,TRUE,3,21,,,,,,,,,,,,
60,C12,FALSE,PCP 10^5,STp,STANDARD,FAM,NFQ-MGB,19.115,19.115,,,"100,000.000",,,FALSE,0.400,TRUE,3,13,,36.380,0.993,-3.524,92.214,,,,,,,
61,C13,FALSE,PCP 10^5,ipaH,STANDARD,VIC,NFQ-MGB,18.110,18.110,,,"100,000.000",,,TRUE,0.365,TRUE,3,12,,34.523,0.986,-3.375,97.816,,,,,,,
61,C13,FALSE,PCP 10^5,uidA,STANDARD,FAM,NFQ-MGB,19.015,19.015,,,"100,000.000",,,FALSE,0.400,TRUE,3,13,,35.751,0.991,-3.505,92.874,,,,,,,
62,C14,FALSE,PCP 10^5,virF,STANDARD,FAM,NFQ-MGB,20.102,20.102,,,"100,000.000",,,FALSE,0.400,TRUE,3,15,,38.455,0.996,-3.805,83.141,,,,,,,
63,C15,FALSE,PCP 10^5,cadF,STANDARD,VIC,NFQ-MGB,18.246,18.246,,,"100,000.000",,,TRUE,0.253,TRUE,3,15,,36.143,0.994,-3.730,85.400,,,,,,,
63,C15,FALSE,PCP 10^5,ttr,STANDARD,FAM,NFQ-MGB,18.427,18.427,,,"100,000.000",,,FALSE,0.400,TRUE,3,12,,35.996,0.994,-3.637,88.337,,,,,,,
64,C16,FALSE,PCP 10^5,hipO,STANDARD,FAM,NFQ-MGB,20.608,20.608,,,"100,000.000",,,FALSE,0.400,TRUE,3,13,,38.876,0.974,-3.715,85.857,,,,,,,
65,C17,FALSE,PCP 10^5,GlyA,STANDARD,FAM,NFQ-MGB,18.767,18.767,,,"100,000.000",,,FALSE,0.400,TRUE,3,13,,36.285,0.985,-3.597,89.685,,,,,,,
66,C18,FALSE,PCP 10^5,STY0201,STANDARD,FAM,NFQ-MGB,19.275,19.275,,,"100,000.000",,,FALSE,0.400,TRUE,3,15,,36.936,0.994,-3.666,87.390,,,,,,,
66,C18,FALSE,PCP 10^5,tviB,STANDARD,VIC,NFQ-MGB,16.034,16.034,,,"100,000.000",,,FALSE,0.026,TRUE,3,15,,31.888,0.971,-3.491,93.412,,,,,,,
67,C19,FALSE,PCP 10^5,HAdV hexon,STANDARD,FAM,NFQ-MGB,17.981,17.981,,,"100,000.000",,,FALSE,0.400,TRUE,3,12,,36.499,0.997,-3.793,83.518,,,,,,,
68,C20,FALSE,PCP 10^5,HAdV fiber,STANDARD,FAM,NFQ-MGB,19.912,19.912,,,"100,000.000",,,FALSE,0.400,TRUE,3,13,,38.577,0.998,-3.803,83.222,,,,,,,
69,C21,FALSE,PCP 10^5,AstroV capsid,STANDARD,FAM,NFQ-MGB,15.069,15.069,,,"100,000.000",,,FALSE,0.318,TRUE,3,8,,34.826,0.999,-3.928,79.717,,,,,,,
70,C22,FALSE,PCP 10^5,EntV 5' UTR,STANDARD,FAM,NFQ-MGB,14.713,14.713,,,"100,000.000",,,TRUE,0.339,FALSE,3,9,,33.061,0.997,-3.712,85.941,,,,,,,
71,C23,FALSE,PCP 10^5,Noro GI,STANDARD,FAM,NFQ-MGB,15.347,15.347,,,"100,000.000",,,FALSE,0.400,TRUE,3,9,,33.737,0.998,-3.713,85.907,,,,,,,
72,C24,FALSE,PCP 10^5,Noro GII,STANDARD,FAM,NFQ-MGB,16.259,16.259,,,"100,000.000",,,FALSE,0.400,TRUE,3,10,,35.114,0.997,-3.852,81.796,,,,,,,
73,D1,FALSE,PCP 10^5,Rotavirus,STANDARD,FAM,NFQ-MGB,18.068,18.068,,,"100,000.000",,,FALSE,0.400,TRUE,3,12,,36.216,0.997,-3.652,87.839,,,,,,,
74,D2,FALSE,PCP 10^5,Sapovirus,STANDARD,FAM,NFQ-MGB,22.529,22.529,,,"100,000.000",,,FALSE,0.500,TRUE,3,14,,42.250,0.995,-3.998,77.882,,,,,,,
75,D3,FALSE,PCP 10^5,SARS-CoV-2 N1,STANDARD,FAM,NFQ-MGB,17.186,17.186,,,"100,000.000",,,FALSE,0.200,TRUE,3,13,,35.170,0.996,-3.612,89.164,,,,,,,
75,D3,FALSE,PCP 10^5,SARS-CoV-2 N2,STANDARD,VIC,NFQ-MGB,17.421,17.421,,,"100,000.000",,,FALSE,0.200,TRUE,3,12,,37.257,0.996,-3.997,77.915,,,,,,,
76,D4,FALSE,PCP 10^5,Crypto 18S,STANDARD,FAM,NFQ-MGB,19.352,19.352,,,"100,000.000",,,FALSE,0.400,TRUE,3,12,,37.833,0.997,-3.780,83.901,,,,,,,
77,D5,FALSE,PCP 10^5,C. hominus,STANDARD,FAM,NFQ-MGB,18.460,18.460,,,"100,000.000",,,FALSE,0.400,TRUE,3,13,,36.446,0.997,-3.676,87.093,,,,,,,
78,D6,FALSE,PCP 10^5,C. parvum,STANDARD,FAM,NFQ-MGB,18.061,18.061,,,"100,000.000",,,FALSE,0.400,TRUE,3,12,,34.892,0.995,-3.460,94.548,,,,,,,
79,D7,FALSE,PCP 10^5,Cyclospora,STANDARD,FAM,NFQ-MGB,18.536,18.536,,,"100,000.000",,,FALSE,0.400,TRUE,3,13,,34.992,0.988,-3.379,97.664,,,,,,,
80,D8,FALSE,PCP 10^5,Giardia,STANDARD,FAM,NFQ-MGB,17.756,17.756,,,"100,000.000",,,FALSE,0.400,TRUE,3,11,,34.760,0.995,-3.471,94.130,,,,,,,
81,D9,FALSE,PCP 10^5,Entamoeba,STANDARD,FAM,NFQ-MGB,21.535,21.535,,,"100,000.000",,,FALSE,0.400,TRUE,3,14,,38.995,0.994,-3.575,90.423,,,,,,,
82,D10,FALSE,PCP 10^5,Ascaris,STANDARD,FAM,NFQ-MGB,17.653,17.653,,,"100,000.000",,,TRUE,0.223,FALSE,3,12,,35.438,0.995,-3.641,88.210,,,,,,,
83,D11,FALSE,PCP 10^5,Trichuris,STANDARD,FAM,NFQ-MGB,17.967,17.967,,,"100,000.000",,,FALSE,0.400,TRUE,3,11,,36.015,0.996,-3.668,87.333,,,,,,,
84,D12,FALSE,PCP 10^5,AMR Intl1,STANDARD,FAM,NFQ-MGB,19.997,19.997,,,"100,000.000",,,FALSE,0.400,TRUE,3,13,,38.043,0.998,-3.662,87.532,,,,,,,
85,D13,FALSE,PCP 10^5,AMR qnrA,STANDARD,FAM,NFQ-MGB,20.254,20.254,,,"100,000.000",,,FALSE,0.400,TRUE,3,13,,36.754,0.989,-3.320,100.064,,,,,,,
86,D14,FALSE,PCP 10^5,AMR qnrB1,STANDARD,FAM,NFQ-MGB,20.425,20.425,,,"100,000.000",,,FALSE,0.400,TRUE,3,15,,37.769,0.995,-3.570,90.599,,,,,,,
86,D14,FALSE,PCP 10^5,AMR qnrB4,STANDARD,VIC,NFQ-MGB,20.324,20.324,,,"100,000.000",,,TRUE,0.125,TRUE,3,16,,37.061,0.992,-3.469,94.223,,,,,,,
87,D15,FALSE,PCP 10^5,AMR SHV,STANDARD,FAM,NFQ-MGB,19.823,19.823,,,"100,000.000",,,FALSE,0.336,TRUE,3,15,,37.065,0.992,-3.586,90.051,,,,,,,
88,D16,FALSE,PCP 10^5,AMR TEM,STANDARD,FAM,NFQ-MGB,19.971,19.971,,,"100,000.000",,,TRUE,0.378,FALSE,3,14,,36.054,0.983,-3.236,103.724,,,,,,,
89,D17,FALSE,PCP 10^5,AMR CTX-M1,STANDARD,FAM,NFQ-MGB,20.946,20.946,,,"100,000.000",,,TRUE,0.210,TRUE,3,15,,36.975,0.983,-3.451,94.897,,,,,,,
89,D17,FALSE,PCP 10^5,AMR CTX-M8-M25,STANDARD,VIC,NFQ-MGB,19.581,19.581,,,"100,000.000",,,TRUE,0.337,TRUE,3,14,,37.527,0.996,-3.660,87.606,,,,,,,
90,D18,FALSE,PCP 10^5,AMR CTX-M2-M74,STANDARD,FAM,NFQ-MGB,22.179,22.179,,,"100,000.000",,,FALSE,0.400,TRUE,3,13,,41.080,0.997,-3.817,82.798,,,,,,,
90,D18,FALSE,PCP 10^5,AMR CTX-M9,STANDARD,VIC,NFQ-MGB,19.269,19.269,,,"100,000.000",,,TRUE,0.149,TRUE,3,13,,39.168,0.997,-3.858,81.625,,,,,,,
91,D19,FALSE,PCP 10^5,AMR KPC,STANDARD,FAM,NFQ-MGB,19.840,19.840,,,"100,000.000",,,FALSE,0.216,TRUE,3,14,,37.262,0.990,-3.626,88.693,,,,,,,
92,D20,FALSE,PCP 10^5,AMR NDM,STANDARD,FAM,NFQ-MGB,19.916,19.916,,,"100,000.000",,,FALSE,0.400,TRUE,3,14,,35.881,0.982,-3.255,102.875,,,,,,,
92,D20,FALSE,PCP 10^5,AMR VIM,STANDARD,VIC,NFQ-MGB,18.353,18.353,,,"100,000.000",,,TRUE,0.110,TRUE,3,15,,34.111,0.984,-3.224,104.255,,,,,,,
93,D21,FALSE,PCP 10^5,AMR sul1,STANDARD,FAM,NFQ-MGB,20.137,20.137,,,"100,000.000",,,FALSE,0.400,TRUE,3,12,,37.907,0.994,-3.540,91.643,,,,,,,
93,D21,FALSE,PCP 10^5,AMR sul2,STANDARD,VIC,NFQ-MGB,18.616,18.616,,,"100,000.000",,,TRUE,0.168,FALSE,3,12,,36.898,0.993,-3.565,90.754,,,,,,,
94,D22,FALSE,PCP 10^5,MS2g1,STANDARD,FAM,NFQ-MGB,16.680,16.680,,,"100,000.000",,,FALSE,0.400,TRUE,3,11,,35.013,0.996,-3.785,83.736,,,,,,,
95,D23,FALSE,PCP 10^5,Fecal bacteria 16S,STANDARD,FAM,NFQ-MGB,22.004,22.004,,,"100,000.000",,,FALSE,0.600,TRUE,3,15,,38.878,0.989,-3.470,94.171,,,,,,,
96,D24,FALSE,PCP 10^5,PhHV gB,STANDARD,FAM,NFQ-MGB,18.201,18.201,,,"100,000.000",,,FALSE,0.400,TRUE,3,12,,36.725,0.996,-3.832,82.361,,,,,,,
97,E1,FALSE,PCP 10^4,aaiC,STANDARD,FAM,NFQ-MGB,22.528,22.528,,,"10,000.000",,,FALSE,0.400,FALSE,3,16,,36.665,0.994,-3.633,88.475,,,,,,,
98,E2,FALSE,PCP 10^4,aatA,STANDARD,FAM,NFQ-MGB,20.664,20.664,,,"10,000.000",,,TRUE,0.188,FALSE,3,15,,34.856,0.990,-3.588,89.973,,,,,,,
99,E3,FALSE,PCP 10^4,aggR,STANDARD,FAM,NFQ-MGB,22.320,22.320,,,"10,000.000",,,FALSE,0.400,TRUE,3,16,,36.504,0.997,-3.640,88.243,,,,,,,
100,E4,FALSE,PCP 10^4,afaB,STANDARD,VIC,NFQ-MGB,24.341,24.341,,,"10,000.000",,,FALSE,0.400,TRUE,3,17,,39.419,0.997,-3.830,82.430,,,,,,,
101,E5,FALSE,PCP 10^4,stx1,STANDARD,FAM,NFQ-MGB,23.752,23.752,,,"10,000.000",,,FALSE,0.400,TRUE,3,18,,37.573,0.993,-3.577,90.358,,,,,,,
102,E6,FALSE,PCP 10^4,stx2,STANDARD,FAM,NFQ-MGB,23.168,23.168,,,"10,000.000",,,FALSE,0.400,TRUE,3,17,,36.960,0.995,-3.555,91.118,,,,,,,
103,E7,FALSE,PCP 10^4,eae,STANDARD,FAM,NFQ-MGB,21.765,21.765,,,"10,000.000",,,FALSE,0.400,TRUE,3,15,,36.469,0.994,-3.725,85.542,,,,,,,
104,E8,FALSE,PCP 10^4,bfpA,STANDARD,FAM,NFQ-MGB,21.619,21.619,,,"10,000.000",,,FALSE,0.400,TRUE,3,16,,34.517,0.988,-3.350,98.825,,,,,,,
105,E9,FALSE,PCP 10^4,LT,STANDARD,FAM,NFQ-MGB,21.772,21.772,,,"10,000.000",,,FALSE,0.500,TRUE,3,15,,36.054,0.994,-3.673,87.166,,,,,,,
106,E10,FALSE,PCP 10^4,STh,STANDARD,FAM,NFQ-MGB,22.299,22.299,,,"10,000.000",,,FALSE,0.400,TRUE,3,16,,36.284,0.994,-3.569,90.612,,,,,,,
107,E11,FALSE,PCP 10^4,Manufacturing control,UNKNOWN,FAM,NFQ-MGB,Undetermined,,,,,,,TRUE,0.221,TRUE,3,7,,,,,,,,,,,,
108,E12,FALSE,PCP 10^4,STp,STANDARD,FAM,NFQ-MGB,22.266,22.266,,,"10,000.000",,,FALSE,0.400,TRUE,3,13,,36.380,0.993,-3.524,92.214,,,,,,,
109,E13,FALSE,PCP 10^4,ipaH,STANDARD,VIC,NFQ-MGB,21.432,21.432,,,"10,000.000",,,TRUE,0.365,TRUE,3,15,,34.523,0.986,-3.375,97.816,,,,,,,
109,E13,FALSE,PCP 10^4,uidA,STANDARD,FAM,NFQ-MGB,21.991,21.991,,,"10,000.000",,,FALSE,0.400,TRUE,3,15,,35.751,0.991,-3.505,92.874,,,,,,,
110,E14,FALSE,PCP 10^4,virF,STANDARD,FAM,NFQ-MGB,23.576,23.576,,,"10,000.000",,,FALSE,0.400,TRUE,3,19,,38.455,0.996,-3.805,83.141,,,,,,,
111,E15,FALSE,PCP 10^4,cadF,STANDARD,VIC,NFQ-MGB,21.133,21.133,,,"10,000.000",,,TRUE,0.253,TRUE,3,15,,36.143,0.994,-3.730,85.400,,,,,,,
111,E15,FALSE,PCP 10^4,ttr,STANDARD,FAM,NFQ-MGB,21.728,21.728,,,"10,000.000",,,FALSE,0.400,TRUE,3,16,,35.996,0.994,-3.637,88.337,,,,,,,
112,E16,FALSE,PCP 10^4,hipO,STANDARD,FAM,NFQ-MGB,24.380,24.380,,,"10,000.000",,,FALSE,0.400,TRUE,3,18,,38.876,0.974,-3.715,85.857,,,,,,,
113,E17,FALSE,PCP 10^4,GlyA,STANDARD,FAM,NFQ-MGB,22.058,22.058,,,"10,000.000",,,FALSE,0.400,TRUE,3,15,,36.285,0.985,-3.597,89.685,,,,,,,
114,E18,FALSE,PCP 10^4,STY0201,STANDARD,FAM,NFQ-MGB,22.696,22.696,,,"10,000.000",,,FALSE,0.400,TRUE,3,16,,36.936,0.994,-3.666,87.390,,,,,,,
114,E18,FALSE,PCP 10^4,tviB,STANDARD,VIC,NFQ-MGB,18.570,18.570,,,"10,000.000",,,FALSE,0.026,TRUE,3,16,,31.888,0.971,-3.491,93.412,,,,,,,
115,E19,FALSE,PCP 10^4,HAdV hexon,STANDARD,FAM,NFQ-MGB,21.649,21.649,,,"10,000.000",,,FALSE,0.400,TRUE,3,16,,36.499,0.997,-3.793,83.518,,,,,,,
116,E20,FALSE,PCP 10^4,HAdV fiber,STANDARD,FAM,NFQ-MGB,23.568,23.568,,,"10,000.000",,,FALSE,0.400,TRUE,3,16,,38.577,0.998,-3.803,83.222,,,,,,,
117,E21,FALSE,PCP 10^4,AstroV capsid,STANDARD,FAM,NFQ-MGB,19.145,19.145,,,"10,000.000",,,FALSE,0.318,TRUE,3,10,,34.826,0.999,-3.928,79.717,,,,,,,
118,E22,FALSE,PCP 10^4,EntV 5' UTR,STANDARD,FAM,NFQ-MGB,18.252,18.252,,,"10,000.000",,,TRUE,0.339,FALSE,3,12,,33.061,0.997,-3.712,85.941,,,,,,,
119,E23,FALSE,PCP 10^4,Noro GI,STANDARD,FAM,NFQ-MGB,19.050,19.050,,,"10,000.000",,,FALSE,0.400,TRUE,3,13,,33.737,0.998,-3.713,85.907,,,,,,,
120,E24,FALSE,PCP 10^4,Noro GII,STANDARD,FAM,NFQ-MGB,19.777,19.777,,,"10,000.000",,,FALSE,0.400,TRUE,3,13,,35.114,0.997,-3.852,81.796,,,,,,,
121,F1,FALSE,PCP 10^4,Rotavirus,STANDARD,FAM,NFQ-MGB,21.773,21.773,,,"10,000.000",,,FALSE,0.400,TRUE,3,16,,36.216,0.997,-3.652,87.839,,,,,,,
122,F2,FALSE,PCP 10^4,Sapovirus,STANDARD,FAM,NFQ-MGB,26.863,26.863,,,"10,000.000",,,FALSE,0.500,TRUE,3,19,,42.250,0.995,-3.998,77.882,,,,,,,
123,F3,FALSE,PCP 10^4,SARS-CoV-2 N1,STANDARD,FAM,NFQ-MGB,21.071,21.071,,,"10,000.000",,,FALSE,0.200,TRUE,3,16,,35.170,0.996,-3.612,89.164,,,,,,,
123,F3,FALSE,PCP 10^4,SARS-CoV-2 N2,STANDARD,VIC,NFQ-MGB,21.520,21.520,,,"10,000.000",,,FALSE,0.200,TRUE,3,16,,37.257,0.996,-3.997,77.915,,,,,,,
124,F4,FALSE,PCP 10^4,Crypto 18S,STANDARD,FAM,NFQ-MGB,22.857,22.857,,,"10,000.000",,,FALSE,0.400,TRUE,3,16,,37.833,0.997,-3.780,83.901,,,,,,,
125,F5,FALSE,PCP 10^4,C. hominus,STANDARD,FAM,NFQ-MGB,21.976,21.976,,,"10,000.000",,,FALSE,0.400,TRUE,3,15,,36.446,0.997,-3.676,87.093,,,,,,,
126,F6,FALSE,PCP 10^4,C. parvum,STANDARD,FAM,NFQ-MGB,21.367,21.367,,,"10,000.000",,,FALSE,0.400,TRUE,3,13,,34.892,0.995,-3.460,94.548,,,,,,,
127,F7,FALSE,PCP 10^4,Cyclospora,STANDARD,FAM,NFQ-MGB,22.038,22.038,,,"10,000.000",,,FALSE,0.400,TRUE,3,16,,34.992,0.988,-3.379,97.664,,,,,,,
128,F8,FALSE,PCP 10^4,Giardia,STANDARD,FAM,NFQ-MGB,21.305,21.305,,,"10,000.000",,,FALSE,0.400,TRUE,3,15,,34.760,0.995,-3.471,94.130,,,,,,,
129,F9,FALSE,PCP 10^4,Entamoeba,STANDARD,FAM,NFQ-MGB,25.238,25.238,,,"10,000.000",,,FALSE,0.400,TRUE,3,19,,38.995,0.994,-3.575,90.423,,,,,,,
130,F10,FALSE,PCP 10^4,Ascaris,STANDARD,FAM,NFQ-MGB,21.272,21.272,,,"10,000.000",,,TRUE,0.223,FALSE,3,17,,35.438,0.995,-3.641,88.210,,,,,,,
131,F11,FALSE,PCP 10^4,Trichuris,STANDARD,FAM,NFQ-MGB,21.798,21.798,,,"10,000.000",,,FALSE,0.400,TRUE,3,16,,36.015,0.996,-3.668,87.333,,,,,,,
132,F12,FALSE,PCP 10^4,AMR Intl1,STANDARD,FAM,NFQ-MGB,23.863,23.863,,,"10,000.000",,,FALSE,0.400,TRUE,3,18,,38.043,0.998,-3.662,87.532,,,,,,,
133,F13,FALSE,PCP 10^4,AMR qnrA,STANDARD,FAM,NFQ-MGB,23.914,23.914,,,"10,000.000",,,FALSE,0.400,TRUE,3,17,,36.754,0.989,-3.320,100.064,,,,,,,
134,F14,FALSE,PCP 10^4,AMR qnrB1,STANDARD,FAM,NFQ-MGB,23.934,23.934,,,"10,000.000",,,FALSE,0.400,TRUE,3,18,,37.769,0.995,-3.570,90.599,,,,,,,
134,F14,FALSE,PCP 10^4,AMR qnrB4,STANDARD,VIC,NFQ-MGB,23.728,23.728,,,"10,000.000",,,TRUE,0.125,TRUE,3,19,,37.061,0.992,-3.469,94.223,,,,,,,
135,F15,FALSE,PCP 10^4,AMR SHV,STANDARD,FAM,NFQ-MGB,23.057,23.057,,,"10,000.000",,,FALSE,0.336,TRUE,3,17,,37.065,0.992,-3.586,90.051,,,,,,,
136,F16,FALSE,PCP 10^4,AMR TEM,STANDARD,FAM,NFQ-MGB,23.564,23.564,,,"10,000.000",,,TRUE,0.378,FALSE,3,17,,36.054,0.983,-3.236,103.724,,,,,,,
137,F17,FALSE,PCP 10^4,AMR CTX-M1,STANDARD,FAM,NFQ-MGB,23.566,23.566,,,"10,000.000",,,TRUE,0.210,TRUE,3,18,,36.975,0.983,-3.451,94.897,,,,,,,
137,F17,FALSE,PCP 10^4,AMR CTX-M8-M25,STANDARD,VIC,NFQ-MGB,23.345,23.345,,,"10,000.000",,,TRUE,0.337,TRUE,3,18,,37.527,0.996,-3.660,87.606,,,,,,,
138,F18,FALSE,PCP 10^4,AMR CTX-M2-M74,STANDARD,FAM,NFQ-MGB,26.129,26.129,,,"10,000.000",,,FALSE,0.400,TRUE,3,19,,41.080,0.997,-3.817,82.798,,,,,,,
138,F18,FALSE,PCP 10^4,AMR CTX-M9,STANDARD,VIC,NFQ-MGB,24.146,24.146,,,"10,000.000",,,TRUE,0.149,TRUE,3,19,,39.168,0.997,-3.858,81.625,,,,,,,
139,F19,FALSE,PCP 10^4,AMR KPC,STANDARD,FAM,NFQ-MGB,22.968,22.968,,,"10,000.000",,,FALSE,0.216,TRUE,3,19,,37.262,0.990,-3.626,88.693,,,,,,,
140,F20,FALSE,PCP 10^4,AMR NDM,STANDARD,FAM,NFQ-MGB,23.315,23.315,,,"10,000.000",,,FALSE,0.400,TRUE,3,17,,35.881,0.982,-3.255,102.875,,,,,,,
140,F20,FALSE,PCP 10^4,AMR VIM,STANDARD,VIC,NFQ-MGB,21.680,21.680,,,"10,000.000",,,TRUE,0.110,TRUE,3,18,,34.111,0.984,-3.224,104.255,,,,,,,
141,F21,FALSE,PCP 10^4,AMR sul1,STANDARD,FAM,NFQ-MGB,24.316,24.316,,,"10,000.000",,,FALSE,0.400,TRUE,3,18,,37.907,0.994,-3.540,91.643,,,,,,,
141,F21,FALSE,PCP 10^4,AMR sul2,STANDARD,VIC,NFQ-MGB,23.244,23.244,,,"10,000.000",,,TRUE,0.168,FALSE,3,19,,36.898,0.993,-3.565,90.754,,,,,,,
142,F22,FALSE,PCP 10^4,MS2g1,STANDARD,FAM,NFQ-MGB,20.274,20.274,,,"10,000.000",,,FALSE,0.400,TRUE,3,15,,35.013,0.996,-3.785,83.736,,,,,,,
143,F23,FALSE,PCP 10^4,Fecal bacteria 16S,STANDARD,FAM,NFQ-MGB,25.257,25.257,,,"10,000.000",,,FALSE,0.600,TRUE,3,17,,38.878,0.989,-3.470,94.171,,,,,,,
144,F24,FALSE,PCP 10^4,PhHV gB,STANDARD,FAM,NFQ-MGB,21.623,21.623,,,"10,000.000",,,FALSE,0.400,TRUE,3,14,,36.725,0.996,-3.832,82.361,,,,,,,
145,G1,FALSE,PCP 10^3,aaiC,STANDARD,FAM,NFQ-MGB,26.091,26.091,,,"1,000.000",,,FALSE,0.400,FALSE,3,20,,36.665,0.994,-3.633,88.475,,,,,,,
146,G2,FALSE,PCP 10^3,aatA,STANDARD,FAM,NFQ-MGB,24.538,24.538,,,"1,000.000",,,TRUE,0.188,FALSE,3,20,,34.856,0.990,-3.588,89.973,,,,,,,
147,G3,FALSE,PCP 10^3,aggR,STANDARD,FAM,NFQ-MGB,25.873,25.873,,,"1,000.000",,,FALSE,0.400,TRUE,3,20,,36.504,0.997,-3.640,88.243,,,,,,,
148,G4,FALSE,PCP 10^3,afaB,STANDARD,VIC,NFQ-MGB,28.217,28.217,,,"1,000.000",,,FALSE,0.400,TRUE,3,22,,39.419,0.997,-3.830,82.430,,,,,,,
149,G5,FALSE,PCP 10^3,stx1,STANDARD,FAM,NFQ-MGB,27.451,27.451,,,"1,000.000",,,FALSE,0.400,TRUE,3,22,,37.573,0.993,-3.577,90.358,,,,,,,
150,G6,FALSE,PCP 10^3,stx2,STANDARD,FAM,NFQ-MGB,26.881,26.881,,,"1,000.000",,,FALSE,0.400,TRUE,3,20,,36.960,0.995,-3.555,91.118,,,,,,,
151,G7,FALSE,PCP 10^3,eae,STANDARD,FAM,NFQ-MGB,25.872,25.872,,,"1,000.000",,,FALSE,0.400,TRUE,3,20,,36.469,0.994,-3.725,85.542,,,,,,,
152,G8,FALSE,PCP 10^3,bfpA,STANDARD,FAM,NFQ-MGB,25.220,25.220,,,"1,000.000",,,FALSE,0.400,TRUE,3,19,,34.517,0.988,-3.350,98.825,,,,,,,
153,G9,FALSE,PCP 10^3,LT,STANDARD,FAM,NFQ-MGB,25.368,25.368,,,"1,000.000",,,FALSE,0.500,TRUE,3,18,,36.054,0.994,-3.673,87.166,,,,,,,
154,G10,FALSE,PCP 10^3,STh,STANDARD,FAM,NFQ-MGB,26.255,26.255,,,"1,000.000",,,FALSE,0.400,TRUE,3,20,,36.284,0.994,-3.569,90.612,,,,,,,
155,G11,FALSE,PCP 10^3,Manufacturing control,UNKNOWN,FAM,NFQ-MGB,34.361,34.361,,,,,,TRUE,0.221,TRUE,3,26,,,,,,,,,,,,
156,G12,FALSE,PCP 10^3,STp,STANDARD,FAM,NFQ-MGB,26.324,26.324,,,"1,000.000",,,FALSE,0.400,TRUE,3,20,,36.380,0.993,-3.524,92.214,,,,,,,
157,G13,FALSE,PCP 10^3,ipaH,STANDARD,VIC,NFQ-MGB,25.185,25.185,,,"1,000.000",,,TRUE,0.365,TRUE,3,20,,34.523,0.986,-3.375,97.816,,,,,,,
157,G13,FALSE,PCP 10^3,uidA,STANDARD,FAM,NFQ-MGB,25.511,25.511,,,"1,000.000",,,FALSE,0.400,TRUE,3,19,,35.751,0.991,-3.505,92.874,,,,,,,
158,G14,FALSE,PCP 10^3,virF,STANDARD,FAM,NFQ-MGB,26.832,26.832,,,"1,000.000",,,FALSE,0.400,TRUE,3,19,,38.455,0.996,-3.805,83.141,,,,,,,
159,G15,FALSE,PCP 10^3,cadF,STANDARD,VIC,NFQ-MGB,25.395,25.395,,,"1,000.000",,,TRUE,0.253,TRUE,3,21,,36.143,0.994,-3.730,85.400,,,,,,,
159,G15,FALSE,PCP 10^3,ttr,STANDARD,FAM,NFQ-MGB,25.517,25.517,,,"1,000.000",,,FALSE,0.400,TRUE,3,20,,35.996,0.994,-3.637,88.337,,,,,,,
160,G16,FALSE,PCP 10^3,hipO,STANDARD,FAM,NFQ-MGB,28.155,28.155,,,"1,000.000",,,FALSE,0.400,TRUE,3,21,,38.876,0.974,-3.715,85.857,,,,,,,
161,G17,FALSE,PCP 10^3,GlyA,STANDARD,FAM,NFQ-MGB,26.268,26.268,,,"1,000.000",,,FALSE,0.400,TRUE,3,22,,36.285,0.985,-3.597,89.685,,,,,,,
162,G18,FALSE,PCP 10^3,STY0201,STANDARD,FAM,NFQ-MGB,26.047,26.047,,,"1,000.000",,,FALSE,0.400,TRUE,3,18,,36.936,0.994,-3.666,87.390,,,,,,,
162,G18,FALSE,PCP 10^3,tviB,STANDARD,VIC,NFQ-MGB,21.204,21.204,,,"1,000.000",,,FALSE,0.026,TRUE,3,18,,31.888,0.971,-3.491,93.412,,,,,,,
163,G19,FALSE,PCP 10^3,HAdV hexon,STANDARD,FAM,NFQ-MGB,25.234,25.234,,,"1,000.000",,,FALSE,0.400,TRUE,3,18,,36.499,0.997,-3.793,83.518,,,,,,,
164,G20,FALSE,PCP 10^3,HAdV fiber,STANDARD,FAM,NFQ-MGB,27.327,27.327,,,"1,000.000",,,FALSE,0.400,TRUE,3,20,,38.577,0.998,-3.803,83.222,,,,,,,
165,G21,FALSE,PCP 10^3,AstroV capsid,STANDARD,FAM,NFQ-MGB,23.665,23.665,,,"1,000.000",,,FALSE,0.318,TRUE,3,19,,34.826,0.999,-3.928,79.717,,,,,,,
166,G22,FALSE,PCP 10^3,EntV 5' UTR,STANDARD,FAM,NFQ-MGB,22.610,22.610,,,"1,000.000",,,TRUE,0.339,FALSE,3,16,,33.061,0.997,-3.712,85.941,,,,,,,
167,G23,FALSE,PCP 10^3,Noro GI,STANDARD,FAM,NFQ-MGB,23.155,23.155,,,"1,000.000",,,FALSE,0.400,TRUE,3,16,,33.737,0.998,-3.713,85.907,,,,,,,
168,G24,FALSE,PCP 10^3,Noro GII,STANDARD,FAM,NFQ-MGB,24.032,24.032,,,"1,000.000",,,FALSE,0.400,TRUE,3,17,,35.114,0.997,-3.852,81.796,,,,,,,
169,H1,FALSE,PCP 10^3,Rotavirus,STANDARD,FAM,NFQ-MGB,25.918,25.918,,,"1,000.000",,,FALSE,0.400,TRUE,3,21,,36.216,0.997,-3.652,87.839,,,,,,,
170,H2,FALSE,PCP 10^3,Sapovirus,STANDARD,FAM,NFQ-MGB,29.545,29.545,,,"1,000.000",,,FALSE,0.500,TRUE,3,22,,42.250,0.995,-3.998,77.882,,,,,,,
171,H3,FALSE,PCP 10^3,SARS-CoV-2 N1,STANDARD,FAM,NFQ-MGB,25.082,25.082,,,"1,000.000",,,FALSE,0.200,TRUE,3,21,,35.170,0.996,-3.612,89.164,,,,,,,
171,H3,FALSE,PCP 10^3,SARS-CoV-2 N2,STANDARD,VIC,NFQ-MGB,25.852,25.852,,,"1,000.000",,,FALSE,0.200,TRUE,3,21,,37.257,0.996,-3.997,77.915,,,,,,,
172,H4,FALSE,PCP 10^3,Crypto 18S,STANDARD,FAM,NFQ-MGB,26.768,26.768,,,"1,000.000",,,FALSE,0.400,TRUE,3,21,,37.833,0.997,-3.780,83.901,,,,,,,
173,H5,FALSE,PCP 10^3,C. hominus,STANDARD,FAM,NFQ-MGB,25.732,25.732,,,"1,000.000",,,FALSE,0.400,TRUE,3,19,,36.446,0.997,-3.676,87.093,,,,,,,
174,H6,FALSE,PCP 10^3,C. parvum,STANDARD,FAM,NFQ-MGB,25.096,25.096,,,"1,000.000",,,FALSE,0.400,TRUE,3,19,,34.892,0.995,-3.460,94.548,,,,,,,
175,H7,FALSE,PCP 10^3,Cyclospora,STANDARD,FAM,NFQ-MGB,25.634,25.634,,,"1,000.000",,,FALSE,0.400,TRUE,3,19,,34.992,0.988,-3.379,97.664,,,,,,,
176,H8,FALSE,PCP 10^3,Giardia,STANDARD,FAM,NFQ-MGB,24.906,24.906,,,"1,000.000",,,FALSE,0.400,TRUE,3,18,,34.760,0.995,-3.471,94.130,,,,,,,
177,H9,FALSE,PCP 10^3,Entamoeba,STANDARD,FAM,NFQ-MGB,28.428,28.428,,,"1,000.000",,,FALSE,0.400,TRUE,3,19,,38.995,0.994,-3.575,90.423,,,,,,,
178,H10,FALSE,PCP 10^3,Ascaris,STANDARD,FAM,NFQ-MGB,24.843,24.843,,,"1,000.000",,,TRUE,0.223,FALSE,3,20,,35.438,0.995,-3.641,88.210,,,,,,,
179,H11,FALSE,PCP 10^3,Trichuris,STANDARD,FAM,NFQ-MGB,25.278,25.278,,,"1,000.000",,,FALSE,0.400,TRUE,3,20,,36.015,0.996,-3.668,87.333,,,,,,,
180,H12,FALSE,PCP 10^3,AMR Intl1,STANDARD,FAM,NFQ-MGB,27.075,27.075,,,"1,000.000",,,FALSE,0.400,TRUE,3,21,,38.043,0.998,-3.662,87.532,,,,,,,
181,H13,FALSE,PCP 10^3,AMR qnrA,STANDARD,FAM,NFQ-MGB,27.679,27.679,,,"1,000.000",,,FALSE,0.400,TRUE,3,21,,36.754,0.989,-3.320,100.064,,,,,,,
182,H14,FALSE,PCP 10^3,AMR qnrB1,STANDARD,FAM,NFQ-MGB,27.243,27.243,,,"1,000.000",,,FALSE,0.400,TRUE,3,21,,37.769,0.995,-3.570,90.599,,,,,,,
182,H14,FALSE,PCP 10^3,AMR qnrB4,STANDARD,VIC,NFQ-MGB,26.830,26.830,,,"1,000.000",,,TRUE,0.125,TRUE,3,22,,37.061,0.992,-3.469,94.223,,,,,,,
183,H15,FALSE,PCP 10^3,AMR SHV,STANDARD,FAM,NFQ-MGB,26.735,26.735,,,"1,000.000",,,FALSE,0.336,TRUE,3,21,,37.065,0.992,-3.586,90.051,,,,,,,
184,H16,FALSE,PCP 10^3,AMR TEM,STANDARD,FAM,NFQ-MGB,27.457,27.457,,,"1,000.000",,,TRUE,0.378,FALSE,3,21,,36.054,0.983,-3.236,103.724,,,,,,,
185,H17,FALSE,PCP 10^3,AMR CTX-M1,STANDARD,FAM,NFQ-MGB,26.968,26.968,,,"1,000.000",,,TRUE,0.210,TRUE,3,22,,36.975,0.983,-3.451,94.897,,,,,,,
185,H17,FALSE,PCP 10^3,AMR CTX-M8-M25,STANDARD,VIC,NFQ-MGB,26.775,26.775,,,"1,000.000",,,TRUE,0.337,TRUE,3,21,,37.527,0.996,-3.660,87.606,,,,,,,
186,H18,FALSE,PCP 10^3,AMR CTX-M2-M74,STANDARD,FAM,NFQ-MGB,30.045,30.045,,,"1,000.000",,,FALSE,0.400,TRUE,3,21,,41.080,0.997,-3.817,82.798,,,,,,,
186,H18,FALSE,PCP 10^3,AMR CTX-M9,STANDARD,VIC,NFQ-MGB,27.721,27.721,,,"1,000.000",,,TRUE,0.149,TRUE,3,21,,39.168,0.997,-3.858,81.625,,,,,,,
187,H19,FALSE,PCP 10^3,AMR KPC,STANDARD,FAM,NFQ-MGB,26.881,26.881,,,"1,000.000",,,FALSE,0.216,TRUE,3,22,,37.262,0.990,-3.626,88.693,,,,,,,
188,H20,FALSE,PCP 10^3,AMR NDM,STANDARD,FAM,NFQ-MGB,26.989,26.989,,,"1,000.000",,,FALSE,0.400,TRUE,3,21,,35.881,0.982,-3.255,102.875,,,,,,,
188,H20,FALSE,PCP 10^3,AMR VIM,STANDARD,VIC,NFQ-MGB,25.315,25.315,,,"1,000.000",,,TRUE,0.110,TRUE,3,21,,34.111,0.984,-3.224,104.255,,,,,,,
189,H21,FALSE,PCP 10^3,AMR sul1,STANDARD,FAM,NFQ-MGB,27.787,27.787,,,"1,000.000",,,FALSE,0.400,TRUE,3,22,,37.907,0.994,-3.540,91.643,,,,,,,
189,H21,FALSE,PCP 10^3,AMR sul2,STANDARD,VIC,NFQ-MGB,26.898,26.898,,,"1,000.000",,,TRUE,0.168,FALSE,3,23,,36.898,0.993,-3.565,90.754,,,,,,,
190,H22,FALSE,PCP 10^3,MS2g1,STANDARD,FAM,NFQ-MGB,24.135,24.135,,,"1,000.000",,,FALSE,0.400,TRUE,3,18,,35.013,0.996,-3.785,83.736,,,,,,,
191,H23,FALSE,PCP 10^3,Fecal bacteria 16S,STANDARD,FAM,NFQ-MGB,29.257,29.257,,,"1,000.000",,,FALSE,0.600,TRUE,3,22,,38.878,0.989,-3.470,94.171,,,,,,,
192,H24,FALSE,PCP 10^3,PhHV gB,STANDARD,FAM,NFQ-MGB,25.392,25.392,,,"1,000.000",,,FALSE,0.400,TRUE,3,19,,36.725,0.996,-3.832,82.361,,,,,,,
193,I1,FALSE,PCP 10^2,aaiC,STANDARD,FAM,NFQ-MGB,29.350,29.350,,,100.000,,,FALSE,0.400,FALSE,3,23,,36.665,0.994,-3.633,88.475,,,,,,,
194,I2,FALSE,PCP 10^2,aatA,STANDARD,FAM,NFQ-MGB,27.291,27.291,,,100.000,,,TRUE,0.188,FALSE,3,22,,34.856,0.990,-3.588,89.973,,,,,,,
195,I3,FALSE,PCP 10^2,aggR,STANDARD,FAM,NFQ-MGB,29.012,29.012,,,100.000,,,FALSE,0.400,TRUE,3,23,,36.504,0.997,-3.640,88.243,,,,,,,
196,I4,FALSE,PCP 10^2,afaB,STANDARD,VIC,NFQ-MGB,31.282,31.282,,,100.000,,,FALSE,0.400,TRUE,3,25,,39.419,0.997,-3.830,82.430,,,,,,,
197,I5,FALSE,PCP 10^2,stx1,STANDARD,FAM,NFQ-MGB,30.307,30.307,,,100.000,,,FALSE,0.400,TRUE,3,24,,37.573,0.993,-3.577,90.358,,,,,,,
198,I6,FALSE,PCP 10^2,stx2,STANDARD,FAM,NFQ-MGB,29.966,29.966,,,100.000,,,FALSE,0.400,TRUE,3,22,,36.960,0.995,-3.555,91.118,,,,,,,
199,I7,FALSE,PCP 10^2,eae,STANDARD,FAM,NFQ-MGB,28.893,28.893,,,100.000,,,FALSE,0.400,TRUE,3,23,,36.469,0.994,-3.725,85.542,,,,,,,
200,I8,FALSE,PCP 10^2,bfpA,STANDARD,FAM,NFQ-MGB,28.203,28.203,,,100.000,,,FALSE,0.400,TRUE,3,21,,34.517,0.988,-3.350,98.825,,,,,,,
201,I9,FALSE,PCP 10^2,LT,STANDARD,FAM,NFQ-MGB,28.746,28.746,,,100.000,,,FALSE,0.500,TRUE,3,22,,36.054,0.994,-3.673,87.166,,,,,,,
202,I10,FALSE,PCP 10^2,STh,STANDARD,FAM,NFQ-MGB,29.495,29.495,,,100.000,,,FALSE,0.400,TRUE,3,23,,36.284,0.994,-3.569,90.612,,,,,,,
203,I11,FALSE,PCP 10^2,Manufacturing control,UNKNOWN,FAM,NFQ-MGB,32.275,32.275,,,,,,TRUE,0.221,TRUE,3,26,,,,,,,,,,,,
204,I12,FALSE,PCP 10^2,STp,STANDARD,FAM,NFQ-MGB,29.776,29.776,,,100.000,,,FALSE,0.400,TRUE,3,23,,36.380,0.993,-3.524,92.214,,,,,,,
205,I13,FALSE,PCP 10^2,ipaH,STANDARD,VIC,NFQ-MGB,28.350,28.350,,,100.000,,,TRUE,0.365,TRUE,3,23,,34.523,0.986,-3.375,97.816,,,,,,,
205,I13,FALSE,PCP 10^2,uidA,STANDARD,FAM,NFQ-MGB,28.869,28.869,,,100.000,,,FALSE,0.400,TRUE,3,23,,35.751,0.991,-3.505,92.874,,,,,,,
206,I14,FALSE,PCP 10^2,virF,STANDARD,FAM,NFQ-MGB,30.444,30.444,,,100.000,,,FALSE,0.400,TRUE,3,25,,38.455,0.996,-3.805,83.141,,,,,,,
207,I15,FALSE,PCP 10^2,cadF,STANDARD,VIC,NFQ-MGB,28.634,28.634,,,100.000,,,TRUE,0.253,TRUE,3,24,,36.143,0.994,-3.730,85.400,,,,,,,
207,I15,FALSE,PCP 10^2,ttr,STANDARD,FAM,NFQ-MGB,28.545,28.545,,,100.000,,,FALSE,0.400,TRUE,3,24,,35.996,0.994,-3.637,88.337,,,,,,,
208,I16,FALSE,PCP 10^2,hipO,STANDARD,FAM,NFQ-MGB,30.853,30.853,,,100.000,,,FALSE,0.400,TRUE,3,24,,38.876,0.974,-3.715,85.857,,,,,,,
209,I17,FALSE,PCP 10^2,GlyA,STANDARD,FAM,NFQ-MGB,29.463,29.463,,,100.000,,,FALSE,0.400,TRUE,3,24,,36.285,0.985,-3.597,89.685,,,,,,,
210,I18,FALSE,PCP 10^2,STY0201,STANDARD,FAM,NFQ-MGB,29.339,29.339,,,100.000,,,FALSE,0.400,TRUE,3,23,,36.936,0.994,-3.666,87.390,,,,,,,
210,I18,FALSE,PCP 10^2,tviB,STANDARD,VIC,NFQ-MGB,25.219,25.219,,,100.000,,,FALSE,0.026,TRUE,3,23,,31.888,0.971,-3.491,93.412,,,,,,,
211,I19,FALSE,PCP 10^2,HAdV hexon,STANDARD,FAM,NFQ-MGB,28.354,28.354,,,100.000,,,FALSE,0.400,TRUE,3,22,,36.499,0.997,-3.793,83.518,,,,,,,
212,I20,FALSE,PCP 10^2,HAdV fiber,STANDARD,FAM,NFQ-MGB,30.631,30.631,,,100.000,,,FALSE,0.400,TRUE,3,23,,38.577,0.998,-3.803,83.222,,,,,,,
213,I21,FALSE,PCP 10^2,AstroV capsid,STANDARD,FAM,NFQ-MGB,26.767,26.767,,,100.000,,,FALSE,0.318,TRUE,3,20,,34.826,0.999,-3.928,79.717,,,,,,,
214,I22,FALSE,PCP 10^2,EntV 5' UTR,STANDARD,FAM,NFQ-MGB,25.723,25.723,,,100.000,,,TRUE,0.339,FALSE,3,20,,33.061,0.997,-3.712,85.941,,,,,,,
215,I23,FALSE,PCP 10^2,Noro GI,STANDARD,FAM,NFQ-MGB,26.380,26.380,,,100.000,,,FALSE,0.400,TRUE,3,20,,33.737,0.998,-3.713,85.907,,,,,,,
216,I24,FALSE,PCP 10^2,Noro GII,STANDARD,FAM,NFQ-MGB,27.613,27.613,,,100.000,,,FALSE,0.400,TRUE,3,21,,35.114,0.997,-3.852,81.796,,,,,,,
217,J1,FALSE,PCP 10^2,Rotavirus,STANDARD,FAM,NFQ-MGB,29.008,29.008,,,100.000,,,FALSE,0.400,TRUE,3,24,,36.216,0.997,-3.652,87.839,,,,,,,
218,J2,FALSE,PCP 10^2,Sapovirus,STANDARD,FAM,NFQ-MGB,34.710,34.710,,,100.000,,,FALSE,0.500,TRUE,3,26,,42.250,0.995,-3.998,77.882,,,,,,,
219,J3,FALSE,PCP 10^2,SARS-CoV-2 N1,STANDARD,FAM,NFQ-MGB,27.899,27.899,,,100.000,,,FALSE,0.200,TRUE,3,20,,35.170,0.996,-3.612,89.164,,,,,,,
219,J3,FALSE,PCP 10^2,SARS-CoV-2 N2,STANDARD,VIC,NFQ-MGB,28.352,28.352,,,100.000,,,FALSE,0.200,TRUE,3,20,,37.257,0.996,-3.997,77.915,,,,,,,
220,J4,FALSE,PCP 10^2,Crypto 18S,STANDARD,FAM,NFQ-MGB,29.827,29.827,,,100.000,,,FALSE,0.400,TRUE,3,22,,37.833,0.997,-3.780,83.901,,,,,,,
221,J5,FALSE,PCP 10^2,C. hominus,STANDARD,FAM,NFQ-MGB,28.975,28.975,,,100.000,,,FALSE,0.400,TRUE,3,23,,36.446,0.997,-3.676,87.093,,,,,,,
222,J6,FALSE,PCP 10^2,C. parvum,STANDARD,FAM,NFQ-MGB,28.004,28.004,,,100.000,,,FALSE,0.400,TRUE,3,21,,34.892,0.995,-3.460,94.548,,,,,,,
223,J7,FALSE,PCP 10^2,Cyclospora,STANDARD,FAM,NFQ-MGB,28.492,28.492,,,100.000,,,FALSE,0.400,TRUE,3,22,,34.992,0.988,-3.379,97.664,,,,,,,
224,J8,FALSE,PCP 10^2,Giardia,STANDARD,FAM,NFQ-MGB,27.976,27.976,,,100.000,,,FALSE,0.400,TRUE,3,21,,34.760,0.995,-3.471,94.130,,,,,,,
225,J9,FALSE,PCP 10^2,Entamoeba,STANDARD,FAM,NFQ-MGB,31.234,31.234,,,100.000,,,FALSE,0.400,TRUE,3,22,,38.995,0.994,-3.575,90.423,,,,,,,
226,J10,FALSE,PCP 10^2,Ascaris,STANDARD,FAM,NFQ-MGB,28.080,28.080,,,100.000,,,TRUE,0.223,FALSE,3,23,,35.438,0.995,-3.641,88.210,,,,,,,
227,J11,FALSE,PCP 10^2,Trichuris,STANDARD,FAM,NFQ-MGB,28.624,28.624,,,100.000,,,FALSE,0.400,TRUE,3,22,,36.015,0.996,-3.668,87.333,,,,,,,
228,J12,FALSE,PCP 10^2,AMR Intl1,STANDARD,FAM,NFQ-MGB,30.456,30.456,,,100.000,,,FALSE,0.400,TRUE,3,23,,38.043,0.998,-3.662,87.532,,,,,,,
229,J13,FALSE,PCP 10^2,AMR qnrA,STANDARD,FAM,NFQ-MGB,30.524,30.524,,,100.000,,,FALSE,0.400,TRUE,3,22,,36.754,0.989,-3.320,100.064,,,,,,,
230,J14,FALSE,PCP 10^2,AMR qnrB1,STANDARD,FAM,NFQ-MGB,30.465,30.465,,,100.000,,,FALSE,0.400,TRUE,3,24,,37.769,0.995,-3.570,90.599,,,,,,,
230,J14,FALSE,PCP 10^2,AMR qnrB4,STANDARD,VIC,NFQ-MGB,30.114,30.114,,,100.000,,,TRUE,0.125,TRUE,3,25,,37.061,0.992,-3.469,94.223,,,,,,,
231,J15,FALSE,PCP 10^2,AMR SHV,STANDARD,FAM,NFQ-MGB,29.833,29.833,,,100.000,,,FALSE,0.336,TRUE,3,24,,37.065,0.992,-3.586,90.051,,,,,,,
232,J16,FALSE,PCP 10^2,AMR TEM,STANDARD,FAM,NFQ-MGB,30.352,30.352,,,100.000,,,TRUE,0.378,FALSE,3,23,,36.054,0.983,-3.236,103.724,,,,,,,
233,J17,FALSE,PCP 10^2,AMR CTX-M1,STANDARD,FAM,NFQ-MGB,29.706,29.706,,,100.000,,,TRUE,0.210,TRUE,3,25,,36.975,0.983,-3.451,94.897,,,,,,,
233,J17,FALSE,PCP 10^2,AMR CTX-M8-M25,STANDARD,VIC,NFQ-MGB,29.682,29.682,,,100.000,,,TRUE,0.337,TRUE,3,25,,37.527,0.996,-3.660,87.606,,,,,,,
234,J18,FALSE,PCP 10^2,AMR CTX-M2-M74,STANDARD,FAM,NFQ-MGB,32.928,32.928,,,100.000,,,FALSE,0.400,TRUE,3,24,,41.080,0.997,-3.817,82.798,,,,,,,
234,J18,FALSE,PCP 10^2,AMR CTX-M9,STANDARD,VIC,NFQ-MGB,31.182,31.182,,,100.000,,,TRUE,0.149,TRUE,3,27,,39.168,0.997,-3.858,81.625,,,,,,,
235,J19,FALSE,PCP 10^2,AMR KPC,STANDARD,FAM,NFQ-MGB,30.223,30.223,,,100.000,,,FALSE,0.216,TRUE,3,25,,37.262,0.990,-3.626,88.693,,,,,,,
236,J20,FALSE,PCP 10^2,AMR NDM,STANDARD,FAM,NFQ-MGB,30.124,30.124,,,100.000,,,FALSE,0.400,TRUE,3,24,,35.881,0.982,-3.255,102.875,,,,,,,
236,J20,FALSE,PCP 10^2,AMR VIM,STANDARD,VIC,NFQ-MGB,28.163,28.163,,,100.000,,,TRUE,0.110,TRUE,3,24,,34.111,0.984,-3.224,104.255,,,,,,,
237,J21,FALSE,PCP 10^2,AMR sul1,STANDARD,FAM,NFQ-MGB,30.963,30.963,,,100.000,,,FALSE,0.400,TRUE,3,24,,37.907,0.994,-3.540,91.643,,,,,,,
237,J21,FALSE,PCP 10^2,AMR sul2,STANDARD,VIC,NFQ-MGB,29.917,29.917,,,100.000,,,TRUE,0.168,FALSE,3,25,,36.898,0.993,-3.565,90.754,,,,,,,
238,J22,FALSE,PCP 10^2,MS2g1,STANDARD,FAM,NFQ-MGB,27.213,27.213,,,100.000,,,FALSE,0.400,TRUE,3,21,,35.013,0.996,-3.785,83.736,,,,,,,
239,J23,FALSE,PCP 10^2,Fecal bacteria 16S,STANDARD,FAM,NFQ-MGB,32.109,32.109,,,100.000,,,FALSE,0.600,TRUE,3,25,,38.878,0.989,-3.470,94.171,,,,,,,
240,J24,FALSE,PCP 10^2,PhHV gB,STANDARD,FAM,NFQ-MGB,28.572,28.572,,,100.000,,,FALSE,0.400,TRUE,3,22,,36.725,0.996,-3.832,82.361,,,,,,,
241,K1,FALSE,PCP 10^1,aaiC,STANDARD,FAM,NFQ-MGB,32.608,32.608,,,10.000,,,FALSE,0.400,FALSE,3,26,,36.665,0.994,-3.633,88.475,,,,,,,
242,K2,FALSE,PCP 10^1,aatA,STANDARD,FAM,NFQ-MGB,31.055,31.055,,,10.000,,,TRUE,0.188,FALSE,3,26,,34.856,0.990,-3.588,89.973,,,,,,,
243,K3,FALSE,PCP 10^1,aggR,STANDARD,FAM,NFQ-MGB,32.792,32.792,,,10.000,,,FALSE,0.400,TRUE,3,25,,36.504,0.997,-3.640,88.243,,,,,,,
244,K4,FALSE,PCP 10^1,afaB,STANDARD,VIC,NFQ-MGB,35.626,35.626,,,10.000,,,FALSE,0.400,TRUE,3,29,,39.419,0.997,-3.830,82.430,,,,,,,
245,K5,FALSE,PCP 10^1,stx1,STANDARD,FAM,NFQ-MGB,33.457,33.457,,,10.000,,,FALSE,0.400,TRUE,3,27,,37.573,0.993,-3.577,90.358,,,,,,,
246,K6,FALSE,PCP 10^1,stx2,STANDARD,FAM,NFQ-MGB,33.383,33.383,,,10.000,,,FALSE,0.400,TRUE,3,27,,36.960,0.995,-3.555,91.118,,,,,,,
247,K7,FALSE,PCP 10^1,eae,STANDARD,FAM,NFQ-MGB,32.308,32.308,,,10.000,,,FALSE,0.400,TRUE,3,27,,36.469,0.994,-3.725,85.542,,,,,,,
248,K8,FALSE,PCP 10^1,bfpA,STANDARD,FAM,NFQ-MGB,31.542,31.542,,,10.000,,,FALSE,0.400,TRUE,3,26,,34.517,0.988,-3.350,98.825,,,,,,,
249,K9,FALSE,PCP 10^1,LT,STANDARD,FAM,NFQ-MGB,31.891,31.891,,,10.000,,,FALSE,0.500,TRUE,3,25,,36.054,0.994,-3.673,87.166,,,,,,,
250,K10,FALSE,PCP 10^1,STh,STANDARD,FAM,NFQ-MGB,32.578,32.578,,,10.000,,,FALSE,0.400,TRUE,3,25,,36.284,0.994,-3.569,90.612,,,,,,,
251,K11,FALSE,PCP 10^1,Manufacturing control,UNKNOWN,FAM,NFQ-MGB,33.793,33.793,,,,,,TRUE,0.221,TRUE,3,25,,,,,,,,,,,,
252,K12,FALSE,PCP 10^1,STp,STANDARD,FAM,NFQ-MGB,33.360,33.360,,,10.000,,,FALSE,0.400,TRUE,3,27,,36.380,0.993,-3.524,92.214,,,,,,,
253,K13,FALSE,PCP 10^1,ipaH,STANDARD,VIC,NFQ-MGB,31.388,31.388,,,10.000,,,TRUE,0.365,TRUE,3,25,,34.523,0.986,-3.375,97.816,,,,,,,
253,K13,FALSE,PCP 10^1,uidA,STANDARD,FAM,NFQ-MGB,31.714,31.714,,,10.000,,,FALSE,0.400,TRUE,3,26,,35.751,0.991,-3.505,92.874,,,,,,,
254,K14,FALSE,PCP 10^1,virF,STANDARD,FAM,NFQ-MGB,34.821,34.821,,,10.000,,,FALSE,0.400,TRUE,3,29,,38.455,0.996,-3.805,83.141,,,,,,,
255,K15,FALSE,PCP 10^1,cadF,STANDARD,VIC,NFQ-MGB,32.074,32.074,,,10.000,,,TRUE,0.253,TRUE,3,27,,36.143,0.994,-3.730,85.400,,,,,,,
255,K15,FALSE,PCP 10^1,ttr,STANDARD,FAM,NFQ-MGB,32.004,32.004,,,10.000,,,FALSE,0.400,TRUE,3,27,,35.996,0.994,-3.637,88.337,,,,,,,
256,K16,FALSE,PCP 10^1,hipO,STANDARD,FAM,NFQ-MGB,37.434,37.434,,,10.000,,,FALSE,0.400,TRUE,3,30,,38.876,0.974,-3.715,85.857,,,,,,,
257,K17,FALSE,PCP 10^1,GlyA,STANDARD,FAM,NFQ-MGB,33.565,33.565,,,10.000,,,FALSE,0.400,TRUE,3,26,,36.285,0.985,-3.597,89.685,,,,,,,
258,K18,FALSE,PCP 10^1,STY0201,STANDARD,FAM,NFQ-MGB,33.110,33.110,,,10.000,,,FALSE,0.400,TRUE,3,27,,36.936,0.994,-3.666,87.390,,,,,,,
258,K18,FALSE,PCP 10^1,tviB,STANDARD,VIC,NFQ-MGB,27.696,27.696,,,10.000,,,FALSE,0.026,TRUE,3,26,,31.888,0.971,-3.491,93.412,,,,,,,
259,K19,FALSE,PCP 10^1,HAdV hexon,STANDARD,FAM,NFQ-MGB,32.870,32.870,,,10.000,,,FALSE,0.400,TRUE,3,26,,36.499,0.997,-3.793,83.518,,,,,,,
260,K20,FALSE,PCP 10^1,HAdV fiber,STANDARD,FAM,NFQ-MGB,34.803,34.803,,,10.000,,,FALSE,0.400,TRUE,3,28,,38.577,0.998,-3.803,83.222,,,,,,,
261,K21,FALSE,PCP 10^1,AstroV capsid,STANDARD,FAM,NFQ-MGB,31.043,31.043,,,10.000,,,FALSE,0.318,TRUE,3,25,,34.826,0.999,-3.928,79.717,,,,,,,
262,K22,FALSE,PCP 10^1,EntV 5' UTR,STANDARD,FAM,NFQ-MGB,29.346,29.346,,,10.000,,,TRUE,0.339,FALSE,3,23,,33.061,0.997,-3.712,85.941,,,,,,,
263,K23,FALSE,PCP 10^1,Noro GI,STANDARD,FAM,NFQ-MGB,29.745,29.745,,,10.000,,,FALSE,0.400,TRUE,3,22,,33.737,0.998,-3.713,85.907,,,,,,,
264,K24,FALSE,PCP 10^1,Noro GII,STANDARD,FAM,NFQ-MGB,30.566,30.566,,,10.000,,,FALSE,0.400,TRUE,3,22,,35.114,0.997,-3.852,81.796,,,,,,,
265,L1,FALSE,PCP 10^1,Rotavirus,STANDARD,FAM,NFQ-MGB,32.674,32.674,,,10.000,,,FALSE,0.400,TRUE,3,27,,36.216,0.997,-3.652,87.839,,,,,,,
266,L2,FALSE,PCP 10^1,Sapovirus,STANDARD,FAM,NFQ-MGB,38.020,38.020,,,10.000,,,FALSE,0.500,TRUE,3,30,,42.250,0.995,-3.998,77.882,,,,,,,
267,L3,FALSE,PCP 10^1,SARS-CoV-2 N1,STANDARD,FAM,NFQ-MGB,31.640,31.640,,,10.000,,,FALSE,0.200,TRUE,3,27,,35.170,0.996,-3.612,89.164,,,,,,,
267,L3,FALSE,PCP 10^1,SARS-CoV-2 N2,STANDARD,VIC,NFQ-MGB,33.815,33.815,,,10.000,,,FALSE,0.200,TRUE,3,29,,37.257,0.996,-3.997,77.915,,,,,,,
268,L4,FALSE,PCP 10^1,Crypto 18S,STANDARD,FAM,NFQ-MGB,34.108,34.108,,,10.000,,,FALSE,0.400,TRUE,3,27,,37.833,0.997,-3.780,83.901,,,,,,,
269,L5,FALSE,PCP 10^1,C. hominus,STANDARD,FAM,NFQ-MGB,32.506,32.506,,,10.000,,,FALSE,0.400,TRUE,3,25,,36.446,0.997,-3.676,87.093,,,,,,,
270,L6,FALSE,PCP 10^1,C. parvum,STANDARD,FAM,NFQ-MGB,31.169,31.169,,,10.000,,,FALSE,0.400,TRUE,3,24,,34.892,0.995,-3.460,94.548,,,,,,,
271,L7,FALSE,PCP 10^1,Cyclospora,STANDARD,FAM,NFQ-MGB,Undetermined,,,,10.000,,,FALSE,0.400,TRUE,3,34,,34.992,0.988,-3.379,97.664,,,,,,,
272,L8,FALSE,PCP 10^1,Giardia,STANDARD,FAM,NFQ-MGB,31.091,31.091,,,10.000,,,FALSE,0.400,TRUE,3,25,,34.760,0.995,-3.471,94.130,,,,,,,
273,L9,FALSE,PCP 10^1,Entamoeba,STANDARD,FAM,NFQ-MGB,35.513,35.513,,,10.000,,,FALSE,0.400,TRUE,3,29,,38.995,0.994,-3.575,90.423,,,,,,,
274,L10,FALSE,PCP 10^1,Ascaris,STANDARD,FAM,NFQ-MGB,31.417,31.417,,,10.000,,,TRUE,0.223,FALSE,3,26,,35.438,0.995,-3.641,88.210,,,,,,,
275,L11,FALSE,PCP 10^1,Trichuris,STANDARD,FAM,NFQ-MGB,31.989,31.989,,,10.000,,,FALSE,0.400,TRUE,3,24,,36.015,0.996,-3.668,87.333,,,,,,,
276,L12,FALSE,PCP 10^1,AMR Intl1,STANDARD,FAM,NFQ-MGB,34.340,34.340,,,10.000,,,FALSE,0.400,TRUE,3,26,,38.043,0.998,-3.662,87.532,,,,,,,
277,L13,FALSE,PCP 10^1,AMR qnrA,STANDARD,FAM,NFQ-MGB,33.699,33.699,,,10.000,,,FALSE,0.400,TRUE,3,27,,36.754,0.989,-3.320,100.064,,,,,,,
278,L14,FALSE,PCP 10^1,AMR qnrB1,STANDARD,FAM,NFQ-MGB,33.941,33.941,,,10.000,,,FALSE,0.400,TRUE,3,27,,37.769,0.995,-3.570,90.599,,,,,,,
278,L14,FALSE,PCP 10^1,AMR qnrB4,STANDARD,VIC,NFQ-MGB,33.157,33.157,,,10.000,,,TRUE,0.125,TRUE,3,28,,37.061,0.992,-3.469,94.223,,,,,,,
279,L15,FALSE,PCP 10^1,AMR SHV,STANDARD,FAM,NFQ-MGB,32.999,32.999,,,10.000,,,FALSE,0.336,TRUE,3,25,,37.065,0.992,-3.586,90.051,,,,,,,
280,L16,FALSE,PCP 10^1,AMR TEM,STANDARD,FAM,NFQ-MGB,32.891,32.891,,,10.000,,,TRUE,0.378,FALSE,3,26,,36.054,0.983,-3.236,103.724,,,,,,,
281,L17,FALSE,PCP 10^1,AMR CTX-M1,STANDARD,FAM,NFQ-MGB,33.210,33.210,,,10.000,,,TRUE,0.210,TRUE,3,27,,36.975,0.983,-3.451,94.897,,,,,,,
281,L17,FALSE,PCP 10^1,AMR CTX-M8-M25,STANDARD,VIC,NFQ-MGB,33.898,33.898,,,10.000,,,TRUE,0.337,TRUE,3,27,,37.527,0.996,-3.660,87.606,,,,,,,
282,L18,FALSE,PCP 10^1,AMR CTX-M2-M74,STANDARD,FAM,NFQ-MGB,37.262,37.262,,,10.000,,,FALSE,0.400,TRUE,3,29,,41.080,0.997,-3.817,82.798,,,,,,,
282,L18,FALSE,PCP 10^1,AMR CTX-M9,STANDARD,VIC,NFQ-MGB,35.406,35.406,,,10.000,,,TRUE,0.149,TRUE,3,31,,39.168,0.997,-3.858,81.625,,,,,,,
283,L19,FALSE,PCP 10^1,AMR KPC,STANDARD,FAM,NFQ-MGB,32.939,32.939,,,10.000,,,FALSE,0.216,TRUE,3,26,,37.262,0.990,-3.626,88.693,,,,,,,
284,L20,FALSE,PCP 10^1,AMR NDM,STANDARD,FAM,NFQ-MGB,Undetermined,,,,10.000,,,FALSE,0.400,TRUE,3,15,,35.881,0.982,-3.255,102.875,,,,,,,
284,L20,FALSE,PCP 10^1,AMR VIM,STANDARD,VIC,NFQ-MGB,Undetermined,,,,10.000,,,TRUE,0.110,TRUE,3,30,,34.111,0.984,-3.224,104.255,,,,,,,
285,L21,FALSE,PCP 10^1,AMR sul1,STANDARD,FAM,NFQ-MGB,33.745,33.745,,,10.000,,,FALSE,0.400,TRUE,3,27,,37.907,0.994,-3.540,91.643,,,,,,,
285,L21,FALSE,PCP 10^1,AMR sul2,STANDARD,VIC,NFQ-MGB,32.644,32.644,,,10.000,,,TRUE,0.168,FALSE,3,28,,36.898,0.993,-3.565,90.754,,,,,,,
286,L22,FALSE,PCP 10^1,MS2g1,STANDARD,FAM,NFQ-MGB,30.775,30.775,,,10.000,,,FALSE,0.400,TRUE,3,24,,35.013,0.996,-3.785,83.736,,,,,,,
287,L23,FALSE,PCP 10^1,Fecal bacteria 16S,STANDARD,FAM,NFQ-MGB,34.600,34.600,,,10.000,,,FALSE,0.600,TRUE,3,27,,38.878,0.989,-3.470,94.171,,,,,,,
288,L24,FALSE,PCP 10^1,PhHV gB,STANDARD,FAM,NFQ-MGB,32.966,32.966,,,10.000,,,FALSE,0.400,TRUE,3,27,,36.725,0.996,-3.832,82.361,,,,,,,
289,M1,FALSE,PCP 10^0,aaiC,STANDARD,FAM,NFQ-MGB,Undetermined,,,,1.000,,,FALSE,0.400,FALSE,3,39,,36.665,0.994,-3.633,88.475,,,,,,,
290,M2,FALSE,PCP 10^0,aatA,STANDARD,FAM,NFQ-MGB,Undetermined,,,,1.000,,,TRUE,0.188,FALSE,3,39,,34.856,0.990,-3.588,89.973,,,,,,,
291,M3,FALSE,PCP 10^0,aggR,STANDARD,FAM,NFQ-MGB,36.358,36.358,,,1.000,,,FALSE,0.400,TRUE,3,30,,36.504,0.997,-3.640,88.243,,,,,,,
292,M4,FALSE,PCP 10^0,afaB,STANDARD,VIC,NFQ-MGB,Undetermined,,,,1.000,,,FALSE,0.400,TRUE,3,39,,39.419,0.997,-3.830,82.430,,,,,,,
293,M5,FALSE,PCP 10^0,stx1,STANDARD,FAM,NFQ-MGB,Undetermined,,,,1.000,,,FALSE,0.400,TRUE,3,13,,37.573,0.993,-3.577,90.358,,,,,,,
294,M6,FALSE,PCP 10^0,stx2,STANDARD,FAM,NFQ-MGB,36.412,36.412,,,1.000,,,FALSE,0.400,TRUE,3,30,,36.960,0.995,-3.555,91.118,,,,,,,
295,M7,FALSE,PCP 10^0,eae,STANDARD,FAM,NFQ-MGB,Undetermined,,,,1.000,,,FALSE,0.400,TRUE,3,32,,36.469,0.994,-3.725,85.542,,,,,,,
296,M8,FALSE,PCP 10^0,bfpA,STANDARD,FAM,NFQ-MGB,33.363,33.363,,,1.000,,,FALSE,0.400,TRUE,3,26,,34.517,0.988,-3.350,98.825,,,,,,,
297,M9,FALSE,PCP 10^0,LT,STANDARD,FAM,NFQ-MGB,Undetermined,,,,1.000,,,FALSE,0.500,TRUE,3,34,,36.054,0.994,-3.673,87.166,,,,,,,
298,M10,FALSE,PCP 10^0,STh,STANDARD,FAM,NFQ-MGB,35.675,35.675,,,1.000,,,FALSE,0.400,TRUE,3,30,,36.284,0.994,-3.569,90.612,,,,,,,
299,M11,FALSE,PCP 10^0,Manufacturing control,UNKNOWN,FAM,NFQ-MGB,35.120,35.120,,,,,,TRUE,0.221,TRUE,3,29,,,,,,,,,,,,
300,M12,FALSE,PCP 10^0,STp,STANDARD,FAM,NFQ-MGB,35.354,35.354,,,1.000,,,FALSE,0.400,TRUE,3,29,,36.380,0.993,-3.524,92.214,,,,,,,
301,M13,FALSE,PCP 10^0,ipaH,STANDARD,VIC,NFQ-MGB,33.331,33.331,,,1.000,,,TRUE,0.365,TRUE,3,27,,34.523,0.986,-3.375,97.816,,,,,,,
301,M13,FALSE,PCP 10^0,uidA,STANDARD,FAM,NFQ-MGB,Undetermined,,,,1.000,,,FALSE,0.400,TRUE,3,24,,35.751,0.991,-3.505,92.874,,,,,,,
302,M14,FALSE,PCP 10^0,virF,STANDARD,FAM,NFQ-MGB,Undetermined,,,,1.000,,,FALSE,0.400,TRUE,3,31,,38.455,0.996,-3.805,83.141,,,,,,,
303,M15,FALSE,PCP 10^0,cadF,STANDARD,VIC,NFQ-MGB,Undetermined,,,,1.000,,,TRUE,0.253,TRUE,3,30,,36.143,0.994,-3.730,85.400,,,,,,,
303,M15,FALSE,PCP 10^0,ttr,STANDARD,FAM,NFQ-MGB,Undetermined,,,,1.000,,,FALSE,0.400,TRUE,3,30,,35.996,0.994,-3.637,88.337,,,,,,,
304,M16,FALSE,PCP 10^0,hipO,STANDARD,FAM,NFQ-MGB,36.992,36.992,,,1.000,,,FALSE,0.400,TRUE,3,29,,38.876,0.974,-3.715,85.857,,,,,,,
305,M17,FALSE,PCP 10^0,GlyA,STANDARD,FAM,NFQ-MGB,34.788,34.788,,,1.000,,,FALSE,0.400,TRUE,3,28,,36.285,0.985,-3.597,89.685,,,,,,,
306,M18,FALSE,PCP 10^0,STY0201,STANDARD,FAM,NFQ-MGB,Undetermined,,,,1.000,,,FALSE,0.400,TRUE,3,35,,36.936,0.994,-3.666,87.390,,,,,,,
306,M18,FALSE,PCP 10^0,tviB,STANDARD,VIC,NFQ-MGB,Undetermined,,,,1.000,,,FALSE,0.026,TRUE,3,35,,31.888,0.971,-3.491,93.412,,,,,,,
307,M19,FALSE,PCP 10^0,HAdV hexon,STANDARD,FAM,NFQ-MGB,Undetermined,,,,1.000,,,FALSE,0.400,TRUE,3,33,,36.499,0.997,-3.793,83.518,,,,,,,
308,M20,FALSE,PCP 10^0,HAdV fiber,STANDARD,FAM,NFQ-MGB,Undetermined,,,,1.000,,,FALSE,0.400,TRUE,3,22,,38.577,0.998,-3.803,83.222,,,,,,,
309,M21,FALSE,PCP 10^0,AstroV capsid,STANDARD,FAM,NFQ-MGB,34.539,34.539,,,1.000,,,FALSE,0.318,TRUE,3,29,,34.826,0.999,-3.928,79.717,,,,,,,
310,M22,FALSE,PCP 10^0,EntV 5' UTR,STANDARD,FAM,NFQ-MGB,32.613,32.613,,,1.000,,,TRUE,0.339,FALSE,3,26,,33.061,0.997,-3.712,85.941,,,,,,,
311,M23,FALSE,PCP 10^0,Noro GI,STANDARD,FAM,NFQ-MGB,33.559,33.559,,,1.000,,,FALSE,0.400,TRUE,3,27,,33.737,0.998,-3.713,85.907,,,,,,,
312,M24,FALSE,PCP 10^0,Noro GII,STANDARD,FAM,NFQ-MGB,35.230,35.230,,,1.000,,,FALSE,0.400,TRUE,3,28,,35.114,0.997,-3.852,81.796,,,,,,,
313,N1,FALSE,PCP 10^0,Rotavirus,STANDARD,FAM,NFQ-MGB,35.654,35.654,,,1.000,,,FALSE,0.400,TRUE,3,30,,36.216,0.997,-3.652,87.839,,,,,,,
314,N2,FALSE,PCP 10^0,Sapovirus,STANDARD,FAM,NFQ-MGB,Undetermined,,,,1.000,,,FALSE,0.500,TRUE,3,35,,42.250,0.995,-3.998,77.882,,,,,,,
315,N3,FALSE,PCP 10^0,SARS-CoV-2 N1,STANDARD,FAM,NFQ-MGB,34.630,34.630,,,1.000,,,FALSE,0.200,TRUE,3,30,,35.170,0.996,-3.612,89.164,,,,,,,
315,N3,FALSE,PCP 10^0,SARS-CoV-2 N2,STANDARD,VIC,NFQ-MGB,37.003,37.003,,,1.000,,,FALSE,0.200,TRUE,3,31,,37.257,0.996,-3.997,77.915,,,,,,,
316,N4,FALSE,PCP 10^0,Crypto 18S,STANDARD,FAM,NFQ-MGB,Undetermined,,,,1.000,,,FALSE,0.400,TRUE,3,35,,37.833,0.997,-3.780,83.901,,,,,,,
317,N5,FALSE,PCP 10^0,C. hominus,STANDARD,FAM,NFQ-MGB,Undetermined,,,,1.000,,,FALSE,0.400,TRUE,3,34,,36.446,0.997,-3.676,87.093,,,,,,,
318,N6,FALSE,PCP 10^0,C. parvum,STANDARD,FAM,NFQ-MGB,34.615,34.615,,,1.000,,,FALSE,0.400,TRUE,3,27,,34.892,0.995,-3.460,94.548,,,,,,,
319,N7,FALSE,PCP 10^0,Cyclospora,STANDARD,FAM,NFQ-MGB,34.170,34.170,,,1.000,,,FALSE,0.400,TRUE,3,28,,34.992,0.988,-3.379,97.664,,,,,,,
320,N8,FALSE,PCP 10^0,Giardia,STANDARD,FAM,NFQ-MGB,34.338,34.338,,,1.000,,,FALSE,0.400,TRUE,3,28,,34.760,0.995,-3.471,94.130,,,,,,,
321,N9,FALSE,PCP 10^0,Entamoeba,STANDARD,FAM,NFQ-MGB,Undetermined,,,,1.000,,,FALSE,0.400,TRUE,3,32,,38.995,0.994,-3.575,90.423,,,,,,,
322,N10,FALSE,PCP 10^0,Ascaris,STANDARD,FAM,NFQ-MGB,Undetermined,,,,1.000,,,TRUE,0.223,FALSE,3,39,,35.438,0.995,-3.641,88.210,,,,,,,
323,N11,FALSE,PCP 10^0,Trichuris,STANDARD,FAM,NFQ-MGB,Undetermined,,,,1.000,,,FALSE,0.400,TRUE,3,39,,36.015,0.996,-3.668,87.333,,,,,,,
324,N12,FALSE,PCP 10^0,AMR Intl1,STANDARD,FAM,NFQ-MGB,Undetermined,,,,1.000,,,FALSE,0.400,TRUE,3,4,,38.043,0.998,-3.662,87.532,,,,,,,
325,N13,FALSE,PCP 10^0,AMR qnrA,STANDARD,FAM,NFQ-MGB,35.649,35.649,,,1.000,,,FALSE,0.400,TRUE,3,30,,36.754,0.989,-3.320,100.064,,,,,,,
326,N14,FALSE,PCP 10^0,AMR qnrB1,STANDARD,FAM,NFQ-MGB,Undetermined,,,,1.000,,,FALSE,0.400,TRUE,3,18,,37.769,0.995,-3.570,90.599,,,,,,,
326,N14,FALSE,PCP 10^0,AMR qnrB4,STANDARD,VIC,NFQ-MGB,Undetermined,,,,1.000,,,TRUE,0.125,TRUE,3,25,,37.061,0.992,-3.469,94.223,,,,,,,
327,N15,FALSE,PCP 10^0,AMR SHV,STANDARD,FAM,NFQ-MGB,Undetermined,,,,1.000,,,FALSE,0.336,TRUE,3,39,,37.065,0.992,-3.586,90.051,,,,,,,
328,N16,FALSE,PCP 10^0,AMR TEM,STANDARD,FAM,NFQ-MGB,34.756,34.756,,,1.000,,,TRUE,0.378,FALSE,3,28,,36.054,0.983,-3.236,103.724,,,,,,,
329,N17,FALSE,PCP 10^0,AMR CTX-M1,STANDARD,FAM,NFQ-MGB,Undetermined,,,,1.000,,,TRUE,0.210,TRUE,3,25,,36.975,0.983,-3.451,94.897,,,,,,,
329,N17,FALSE,PCP 10^0,AMR CTX-M8-M25,STANDARD,VIC,NFQ-MGB,Undetermined,,,,1.000,,,TRUE,0.337,TRUE,3,16,,37.527,0.996,-3.660,87.606,,,,,,,
330,N18,FALSE,PCP 10^0,AMR CTX-M2-M74,STANDARD,FAM,NFQ-MGB,Undetermined,,,,1.000,,,FALSE,0.400,TRUE,3,39,,41.080,0.997,-3.817,82.798,,,,,,,
330,N18,FALSE,PCP 10^0,AMR CTX-M9,STANDARD,VIC,NFQ-MGB,Undetermined,,,,1.000,,,TRUE,0.149,TRUE,3,32,,39.168,0.997,-3.858,81.625,,,,,,,
331,N19,FALSE,PCP 10^0,AMR KPC,STANDARD,FAM,NFQ-MGB,Undetermined,,,,1.000,,,FALSE,0.216,TRUE,3,39,,37.262,0.990,-3.626,88.693,,,,,,,
332,N20,FALSE,PCP 10^0,AMR NDM,STANDARD,FAM,NFQ-MGB,34.740,34.740,,,1.000,,,FALSE,0.400,TRUE,3,29,,35.881,0.982,-3.255,102.875,,,,,,,
332,N20,FALSE,PCP 10^0,AMR VIM,STANDARD,VIC,NFQ-MGB,33.125,33.125,,,1.000,,,TRUE,0.110,TRUE,3,28,,34.111,0.984,-3.224,104.255,,,,,,,
333,N21,FALSE,PCP 10^0,AMR sul1,STANDARD,FAM,NFQ-MGB,Undetermined,,,,1.000,,,FALSE,0.400,TRUE,3,39,,37.907,0.994,-3.540,91.643,,,,,,,
333,N21,FALSE,PCP 10^0,AMR sul2,STANDARD,VIC,NFQ-MGB,Undetermined,,,,1.000,,,TRUE,0.168,FALSE,3,39,,36.898,0.993,-3.565,90.754,,,,,,,
334,N22,FALSE,PCP 10^0,MS2g1,STANDARD,FAM,NFQ-MGB,35.074,35.074,,,1.000,,,FALSE,0.400,TRUE,3,29,,35.013,0.996,-3.785,83.736,,,,,,,
335,N23,FALSE,PCP 10^0,Fecal bacteria 16S,STANDARD,FAM,NFQ-MGB,Undetermined,,,,1.000,,,FALSE,0.600,TRUE,3,18,,38.878,0.989,-3.470,94.171,,,,,,,
336,N24,FALSE,PCP 10^0,PhHV gB,STANDARD,FAM,NFQ-MGB,Undetermined,,,,1.000,,,FALSE,0.400,TRUE,3,19,,36.725,0.996,-3.832,82.361,,,,,,,
337,O1,FALSE,NTC,aaiC,NTC,FAM,NFQ-MGB,Undetermined,,,,,,,FALSE,0.400,FALSE,3,39,,36.665,0.994,-3.633,88.475,,,,,,,
338,O2,FALSE,NTC,aatA,NTC,FAM,NFQ-MGB,Undetermined,,,,,,,TRUE,0.188,FALSE,3,39,,34.856,0.990,-3.588,89.973,,,,,,,
339,O3,FALSE,NTC,aggR,NTC,FAM,NFQ-MGB,Undetermined,,,,,,,FALSE,0.400,TRUE,3,39,,36.504,0.997,-3.640,88.243,,,,,,,
340,O4,FALSE,NTC,afaB,NTC,VIC,NFQ-MGB,Undetermined,,,,,,,FALSE,0.400,TRUE,3,39,,39.419,0.997,-3.830,82.430,,,,,,,
341,O5,FALSE,NTC,stx1,NTC,FAM,NFQ-MGB,Undetermined,,,,,,,FALSE,0.400,TRUE,3,39,,37.573,0.993,-3.577,90.358,,,,,,,
342,O6,FALSE,NTC,stx2,NTC,FAM,NFQ-MGB,Undetermined,,,,,,,FALSE,0.400,TRUE,3,27,,36.960,0.995,-3.555,91.118,,,,,,,
343,O7,FALSE,NTC,eae,NTC,FAM,NFQ-MGB,Undetermined,,,,,,,FALSE,0.400,TRUE,3,9,,36.469,0.994,-3.725,85.542,,,,,,,
344,O8,FALSE,NTC,bfpA,NTC,FAM,NFQ-MGB,Undetermined,,,,,,,FALSE,0.400,TRUE,3,39,,34.517,0.988,-3.350,98.825,,,,,,,
345,O9,FALSE,NTC,LT,NTC,FAM,NFQ-MGB,Undetermined,,,,,,,FALSE,0.500,TRUE,3,24,,36.054,0.994,-3.673,87.166,,,,,,,
346,O10,FALSE,NTC,STh,NTC,FAM,NFQ-MGB,Undetermined,,,,,,,FALSE,0.400,TRUE,3,39,,36.284,0.994,-3.569,90.612,,,,,,,
347,O11,FALSE,NTC,Manufacturing control,UNKNOWN,FAM,NFQ-MGB,Undetermined,,,,,,,TRUE,0.221,TRUE,3,39,,,,,,,,,,,,
348,O12,FALSE,NTC,STp,NTC,FAM,NFQ-MGB,Undetermined,,,,,,,FALSE,0.400,TRUE,3,39,,36.380,0.993,-3.524,92.214,,,,,,,
349,O13,FALSE,NTC,ipaH,NTC,VIC,NFQ-MGB,Undetermined,,,,,,,TRUE,0.365,TRUE,3,39,,34.523,0.986,-3.375,97.816,,,,,,,
349,O13,FALSE,NTC,uidA,NTC,FAM,NFQ-MGB,Undetermined,,,,,,,FALSE,0.400,TRUE,3,33,,35.751,0.991,-3.505,92.874,,,,,,,
350,O14,FALSE,NTC,virF,NTC,FAM,NFQ-MGB,Undetermined,,,,,,,FALSE,0.400,TRUE,3,28,,38.455,0.996,-3.805,83.141,,,,,,,
351,O15,FALSE,NTC,cadF,NTC,VIC,NFQ-MGB,Undetermined,,,,,,,TRUE,0.253,TRUE,3,39,,36.143,0.994,-3.730,85.400,,,,,,,
351,O15,FALSE,NTC,ttr,NTC,FAM,NFQ-MGB,Undetermined,,,,,,,FALSE,0.400,TRUE,3,39,,35.996,0.994,-3.637,88.337,,,,,,,
352,O16,FALSE,NTC,hipO,NTC,FAM,NFQ-MGB,Undetermined,,,,,,,FALSE,0.400,TRUE,3,39,,38.876,0.974,-3.715,85.857,,,,,,,
353,O17,FALSE,NTC,GlyA,NTC,FAM,NFQ-MGB,Undetermined,,,,,,,FALSE,0.400,TRUE,3,4,,36.285,0.985,-3.597,89.685,,,,,,,
354,O18,FALSE,NTC,STY0201,NTC,FAM,NFQ-MGB,Undetermined,,,,,,,FALSE,0.400,TRUE,3,39,,36.936,0.994,-3.666,87.390,,,,,,,
354,O18,FALSE,NTC,tviB,NTC,VIC,NFQ-MGB,Undetermined,,,,,,,FALSE,0.026,TRUE,3,39,,31.888,0.971,-3.491,93.412,,,,,,,
355,O19,FALSE,NTC,HAdV hexon,NTC,FAM,NFQ-MGB,Undetermined,,,,,,,FALSE,0.400,TRUE,3,39,,36.499,0.997,-3.793,83.518,,,,,,,
356,O20,FALSE,NTC,HAdV fiber,NTC,FAM,NFQ-MGB,Undetermined,,,,,,,FALSE,0.400,TRUE,3,24,,38.577,0.998,-3.803,83.222,,,,,,,
357,O21,FALSE,NTC,AstroV capsid,NTC,FAM,NFQ-MGB,Undetermined,,,,,,,FALSE,0.318,TRUE,3,21,,34.826,0.999,-3.928,79.717,,,,,,,
358,O22,FALSE,NTC,EntV 5' UTR,NTC,FAM,NFQ-MGB,Undetermined,,,,,,,TRUE,0.339,FALSE,3,34,,33.061,0.997,-3.712,85.941,,,,,,,
359,O23,FALSE,NTC,Noro GII,NTC,FAM,NFQ-MGB,Undetermined,,,,,,,FALSE,0.400,TRUE,3,39,,35.114,0.997,-3.852,81.796,,,,,,,
360,O24,FALSE,NTC,Rotavirus,NTC,FAM,NFQ-MGB,Undetermined,,,,,,,FALSE,0.400,TRUE,3,39,,36.216,0.997,-3.652,87.839,,,,,,,
361,P1,FALSE,NTC,Rotavirus,NTC,FAM,NFQ-MGB,Undetermined,,,,,,,FALSE,0.400,TRUE,3,32,,36.216,0.997,-3.652,87.839,,,,,,,
362,P2,FALSE,NTC,Sapovirus,NTC,FAM,NFQ-MGB,Undetermined,,,,,,,FALSE,0.500,TRUE,3,8,,42.250,0.995,-3.998,77.882,,,,,,,
363,P3,FALSE,NTC,SARS-CoV-2 N1,NTC,FAM,NFQ-MGB,10.664,,,,,,,FALSE,0.200,TRUE,3,6,,35.170,0.996,-3.612,89.164,,,,,,,
363,P3,FALSE,NTC,SARS-CoV-2 N2,NTC,VIC,NFQ-MGB,15.004,,,,,,,FALSE,0.200,TRUE,3,6,,37.257,0.996,-3.997,77.915,,,,,,,
364,P4,FALSE,NTC,Crypto 18S,NTC,FAM,NFQ-MGB,Undetermined,,,,,,,FALSE,0.400,TRUE,3,35,,37.833,0.997,-3.780,83.901,,,,,,,
365,P5,FALSE,NTC,C. hominus,NTC,FAM,NFQ-MGB,Undetermined,,,,,,,FALSE,0.400,TRUE,3,29,,36.446,0.997,-3.676,87.093,,,,,,,
366,P6,FALSE,NTC,C. parvum,NTC,FAM,NFQ-MGB,Undetermined,,,,,,,FALSE,0.400,TRUE,3,31,,34.892,0.995,-3.460,94.548,,,,,,,
367,P7,FALSE,NTC,Cyclospora,NTC,FAM,NFQ-MGB,Undetermined,,,,,,,FALSE,0.400,TRUE,3,39,,34.992,0.988,-3.379,97.664,,,,,,,
368,P8,FALSE,NTC,Giardia,NTC,FAM,NFQ-MGB,Undetermined,,,,,,,FALSE,0.400,TRUE,3,39,,34.760,0.995,-3.471,94.130,,,,,,,
369,P9,FALSE,NTC,Entamoeba,NTC,FAM,NFQ-MGB,Undetermined,,,,,,,FALSE,0.400,TRUE,3,33,,38.995,0.994,-3.575,90.423,,,,,,,
370,P10,FALSE,NTC,Ascaris,NTC,FAM,NFQ-MGB,Undetermined,,,,,,,TRUE,0.223,FALSE,3,4,,35.438,0.995,-3.641,88.210,,,,,,,
371,P11,FALSE,NTC,Trichuris,NTC,FAM,NFQ-MGB,Undetermined,,,,,,,FALSE,0.400,TRUE,3,8,,36.015,0.996,-3.668,87.333,,,,,,,
372,P12,FALSE,NTC,AMR Intl1,NTC,FAM,NFQ-MGB,Undetermined,,,,,,,FALSE,0.400,TRUE,3,27,,38.043,0.998,-3.662,87.532,,,,,,,
373,P13,FALSE,NTC,AMR qnrA,NTC,FAM,NFQ-MGB,Undetermined,,,,,,,FALSE,0.400,TRUE,3,39,,36.754,0.989,-3.320,100.064,,,,,,,
374,P14,FALSE,NTC,AMR qnrB1,NTC,FAM,NFQ-MGB,Undetermined,,,,,,,FALSE,0.400,TRUE,3,39,,37.769,0.995,-3.570,90.599,,,,,,,
374,P14,FALSE,NTC,AMR qnrB4,NTC,VIC,NFQ-MGB,Undetermined,,,,,,,TRUE,0.125,TRUE,3,21,,37.061,0.992,-3.469,94.223,,,,,,,
375,P15,FALSE,NTC,AMR SHV,NTC,FAM,NFQ-MGB,Undetermined,,,,,,,FALSE,0.336,TRUE,3,39,,37.065,0.992,-3.586,90.051,,,,,,,
376,P16,FALSE,NTC,AMR TEM,NTC,FAM,NFQ-MGB,Undetermined,,,,,,,TRUE,0.378,FALSE,3,33,,36.054,0.983,-3.236,103.724,,,,,,,
377,P17,FALSE,NTC,AMR CTX-M1,NTC,FAM,NFQ-MGB,Undetermined,,,,,,,TRUE,0.210,TRUE,3,39,,36.975,0.983,-3.451,94.897,,,,,,,
377,P17,FALSE,NTC,AMR CTX-M8-M25,NTC,VIC,NFQ-MGB,Undetermined,,,,,,,TRUE,0.337,TRUE,3,32,,37.527,0.996,-3.660,87.606,,,,,,,
378,P18,FALSE,NTC,AMR CTX-M2-M74,NTC,FAM,NFQ-MGB,Undetermined,,,,,,,FALSE,0.400,TRUE,3,17,,41.080,0.997,-3.817,82.798,,,,,,,
378,P18,FALSE,NTC,AMR CTX-M9,NTC,VIC,NFQ-MGB,Undetermined,,,,,,,TRUE,0.149,TRUE,3,17,,39.168,0.997,-3.858,81.625,,,,,,,
379,P19,FALSE,NTC,AMR KPC,NTC,FAM,NFQ-MGB,Undetermined,,,,,,,FALSE,0.216,TRUE,3,39,,37.262,0.990,-3.626,88.693,,,,,,,
380,P20,FALSE,NTC,AMR NDM,NTC,FAM,NFQ-MGB,Undetermined,,,,,,,FALSE,0.400,TRUE,3,39,,35.881,0.982,-3.255,102.875,,,,,,,
380,P20,FALSE,NTC,AMR VIM,NTC,VIC,NFQ-MGB,Undetermined,,,,,,,TRUE,0.110,TRUE,3,22,,34.111,0.984,-3.224,104.255,,,,,,,
381,P21,FALSE,NTC,AMR sul1,NTC,FAM,NFQ-MGB,Undetermined,,,,,,,FALSE,0.400,TRUE,3,39,,37.907,0.994,-3.540,91.643,,,,,,,
381,P21,FALSE,NTC,AMR sul2,NTC,VIC,NFQ-MGB,Undetermined,,,,,,,TRUE,0.168,FALSE,3,25,,36.898,0.993,-3.565,90.754,,,,,,,
382,P22,FALSE,NTC,MS2g1,NTC,FAM,NFQ-MGB,Undetermined,,,,,,,FALSE,0.400,TRUE,3,17,,35.013,0.996,-3.785,83.736,,,,,,,
383,P23,FALSE,NTC,Fecal bacteria 16S,NTC,FAM,NFQ-MGB,Undetermined,,,,,,,FALSE,0.600,TRUE,3,39,,38.878,0.989,-3.470,94.171,,,,,,,
384,P24,FALSE,NTC,PhHV gB,NTC,FAM,NFQ-MGB,Undetermined,,,,,,,FALSE,0.400,TRUE,3,39,,36.725,0.996,-3.832,82.361,,,,,,,
